昭和	昭和[しょうわ]  名 ⓪① ・ （日本年號）昭和
班	班[はん]  名・造 ① ・ 組
高名	高名[こうめい]  名 ⓪① ・ 著名，有名；大名
うやむや	うやむや  ナ形 ⓪ ・ 含糊，曖昧
一握り	一握り[ひとにぎり]  名 ②③ ・ 一把，少量，一小撮；輕易捏碎，輕鬆擊敗
頻発	頻発[ひんぱつ]  名・自動3 ⓪ ・ 頻發，屢次發生
悪循環	悪循環[あくじゅんかん]  名 ③ ・ 惡性循環
イギリス	イギリス  名 ⓪ ・ 英國
オーストラリア	オーストラリア  名 ⑤ ・ 澳洲
すき焼き	すき焼き[すきやき]  名 ⓪ ・ 壽喜燒
ずらり	ずらり  副 ② ・ （人或物）排列狀
ちらり	ちらり  副 ② ・ （稍微看到）一閃，一晃；（稍微聽到）略微，偶爾
レコード	レコード  名 ①② ・ 紀錄；唱片
魚屋	魚屋[さかなや]  名 ⓪ ・ 魚店，水產店
銀	銀[ぎん]  名 ① ・ 銀；銀色
先々週	先々週[せんせんしゅう]  名 ⓪③ ・ 上上週
大学院生	大学院生[だいがくいんせい]  名 ⑤ ・ 碩士生
露	露[つゆ]  名 ① ・ 露水；短暫，無常
グレー	グレー  名 ② ・ 灰色
ゲート	ゲート  名 ① ・ 大門
サンドイッチ	サンドイッチ  名 ④ ・ 三明治；（比喻）被夾在中間
テント	テント  名 ① ・ 帳篷
延び延び	延び延び[のびのび]  ナ形・名 ⓪ ・ 拖拖拉拉
ぱらぱら	ぱらぱら  副 ①⓪ ・ （雨滴、眼淚等較輕的顆粒狀物體）連續掉落狀①；快速翻頁時發出的聲音①；稀稀落落⓪
ボーイフレンド	ボーイフレンド  名 ⑤ ・ 男朋友；男性朋友
わさび	わさび  名 ① ・ 綠芥末；山葵，辣根
遺産	遺産[いさん]  名 ⓪ ・ 遺產
下宿	下宿[げしゅく]  名・自動3 ⓪ ・ 寄宿，租房間住，供膳宿的公寓
下着	下着[したぎ]  名 ⓪ ・ 內衣
化学	化学[かがく]  名 ① ・ 化學
歌舞伎	歌舞伎[かぶき]  名 ⓪ ・ 歌舞伎
各種	各種[かくしゅ]  名 ① ・ 各種，各樣
渇く	渇く[かわく]  自動1 ② ・ 渴；渴望
岸	岸[きし]  名 ② ・ 岸，岸邊
気が付く	気が付く[きがつく]  成句 ・ 注意到，發覺；清醒過來，甦醒過來
叫ぶ	叫ぶ[さけぶ]  他動1 ② ・ 大聲呼喊；呼籲，主張
堅い	堅い[かたい]  イ形 ⓪ ・ 牢固的；肯定的；可靠的
研究員	研究員[けんきゅういん]  名 ③ ・ 研究員
語彙	語彙[ごい]  名 ① ・ 詞彙
航空券	航空券[こうくうけん]  名 ③ ・ 機票
最古	最古[さいこ]  名 ① ・ 最早，最古老
三角	三角[さんかく]  ナ形・名 ① ・ 三角，三角形
紙くず	紙くず[かみくず]  名 ③ ・ 紙屑，廢紙
事項	事項[じこう]  名 ①⓪ ・ 項目，事項
主	主[おも]  ナ形 ① ・ 主要的，重點的
女房	女房[にょうぼう]  名 ① ・ （自己的）妻子，老婆
小便	小便[しょうべん]  名・自動3 ③ ・ 小便
焼肉	焼肉[やきにく]  名 ⓪ ・ 烤肉
赤字	赤字[あかじ]  名 ⓪ ・ 赤字，虧空
先年	先年[せんねん]  名 ⓪ ・ 前幾年
扇風機	扇風機[せんぷうき]  名 ③ ・ 電風扇
存じる	存じる[ぞんじる]  他動2 ⓪③ ・ 想，打算，認為；知道，認識
大地	大地[だいち]  名 ① ・ 大地
淡い	淡い[あわい]  イ形 ② ・ 淺的，淡的；些微
暖める	暖める[あたためる]  他動2 ④ ・ 弄暖和
地理	地理[ちり]  名 ① ・ 地理；地理情況
長ねぎ	長ねぎ[ながねぎ]  名 ⓪ ・ 蔥，大蔥
通じる	通じる[つうじる]  自他動2 ⓪ ・ 通；理解；弄通；透過，經過
島々	島々[しまじま]  名 ② ・ 群島；各個島嶼
年賀状	年賀状[ねんがじょう]  名 ③⓪ ・ 賀年卡
麦	麦[むぎ]  名 ① ・ 麥，麥子
髭[ひげ]	髭[ひげ][ひげ]  名 ⓪ ・ 鬍子；（動物的）須
編み物	編み物[あみもの]  名 ② ・ 編織物，編織；毛線活
夜景	夜景[やけい]  名 ⓪ ・ 夜景
有名人	有名人[ゆうめいじん]  名 ③ ・ 名人
イコール	イコール  名 ② ・ 等於；等號
いたずら	いたずら  ナ形・名・自他動3 ⓪ ・ 捉弄，惡作劇
イヤリング	イヤリング  名 ① ・ 耳環
かわいがる	かわいがる  他動1 ④ ・ 喜愛，疼愛
こっそり	こっそり  副 ③ ・ 悄悄地，偷偷地
スマート	スマート  ナ形 ② ・ 瀟灑，俊俏，苗條；高效能，尖端
ゼミナール	ゼミナール  名 ③ ・ （大學）研討會
ダブル	ダブル  名 ① ・ 雙重的，雙倍的
だます	だます  他動1 ② ・ 欺騙；哄
ためる	ためる  他動2 ⓪ ・ 積攢；積壓
チャイム	チャイム  名 ① ・ （打擊樂器的一種）組鐘；門鈴；鐘聲，鈴聲
ドライヤー	ドライヤー  名 ⓪② ・ 吹風機
パック	パック  他動3・名 ① ・ 打包，包裝；做面膜；（「パックツアー」の略）包價旅行
はめる	はめる  他動2 ⓪ ・ 鑲嵌，戴上；引誘
へこむ	へこむ  自動1 ⓪ ・ 凹下，癟；無精打采；吃虧
ボーナス	ボーナス  名 ① ・ 獎金
まとまる	まとまる  自動1 ⓪ ・ 歸納；談妥；湊齊
ものすごい	ものすごい  イ形 ④ ・ 可怕的；猛烈的
宛名	宛名[あてな]  名 ⓪ ・ 收信人姓名（地址）
以後	以後[いご]  名 ① ・ （在某時期）以後，之後；今後
援助	援助[えんじょ]  名・他動3 ① ・ 援助，支援
応対	応対[おうたい]  名・自動3 ⓪① ・ 應對，接待，應酬
下水	下水[げすい]  名 ⓪ ・ 髒水；下水道
火山	火山[かざん]  名 ① ・ 火山
いじめる	いじめる  他動2 ⓪ ・ 欺負，虐待
蚊	蚊[か]  名 ⓪ ・ 蚊子
会館	会館[かいかん]  名 ⓪ ・ （集會和活動的場所）會館
外科	外科[げか]  名 ⓪ ・ 外科
学費	学費[がくひ]  名 ⓪ ・ 學費
刈る	刈る[かる]  他動1 ⓪ ・ 割，剪
関西	関西[かんさい]  名 ① ・ 關西地區
及ぼす	及ぼす[およぼす]  他動1 ③⓪ ・ 波及，帶來，牽涉
近寄る	近寄る[ちかよる]  自動1 ③⓪ ・ 靠近；親近
空	空[から]  名・接頭 ② ・ 空；身上什麼都沒有；只有形式沒有實質內容
隙	隙[すき]  名 ⓪ ・ 空隙；閒暇；漏洞
欠勤	欠勤[けっきん]  名・自動3 ⓪ ・ 缺勤，請假
見かけ	見かけ[みかけ]  名 ⓪ ・ 外觀，外貌
言い換える	言い換える[いいかえる]  他動2 ③④ ・ 換句話說，換種說法；重新說
交際	交際[こうさい]  名・自動3 ⓪ ・ 交往，應酬
公害	公害[こうがい]  名 ⓪ ・ 公害
口癖	口癖[くちぐせ]  名 ⓪ ・ 口頭禪
広める	広める[ひろめる]  他動2 ③ ・ 擴大（抽象的範圍）；普及，推廣
国籍	国籍[こくせき]  名 ⓪ ・ 國籍
砕ける	砕ける[くだける]  自動2 ③ ・ 破碎，粉碎；受挫折
罪	罪[つみ]  名 ① ・ 犯罪，罪過
殺す	殺す[ころす]  他動1 ⓪ ・ 殺；忍住
惨め	惨め[みじめ]  ナ形 ① ・ 悽慘，悲慘
私立	私立[しりつ]  名 ① ・ 私立
資金	資金[しきん]  名 ②① ・ 資金
失業	失業[しつぎょう]  名・自動3 ⓪ ・ 失業
失恋	失恋[しつれん]  名・自動3 ⓪ ・ 失戀
住居	住居[じゅうきょ]  名・自動3 ① ・ 住所，住宅
祝日	祝日[しゅくじつ]  名 ⓪ ・ 節日
傷める	傷める[いためる]  他動2 ③ ・ 使損壞，弄傷
賞味期限	賞味期限[しょうみきげん]  名 ④ ・ 品嚐期限，有效期
蒸気	蒸気[じょうき]  名 ① ・ 蒸汽；水蒸氣
尻尾	尻尾[しっぽ]  名 ③ ・ 尾巴；末端
真っ赤	真っ赤[まっか]  名・ナ形 ③ ・ 通紅，鮮紅；純粹
人事	人事[じんじ]  名 ① ・ 人事；人世間的事
水蒸気	水蒸気[すいじょうき]  名 ③ ・ 水蒸氣
祖先	祖先[そせん]  名 ① ・ 祖先
組合	組合[くみあい]  名 ⓪ ・ 公會，行會，合作社；工會
霜	霜[しも]  名 ② ・ 霜
足首	足首[あしくび]  名 ③② ・ 腳踝
対照	対照[たいしょう]  名・他動3 ⓪ ・ 相互對照；對比
怠ける	怠ける[なまける]  自他動2 ③ ・ 懶惰，怠惰
大気	大気[たいき]  名 ① ・ 大氣
大工	大工[だいく]  名 ① ・ 木匠，木工
大陸	大陸[たいりく]  名 ⓪① ・ 大陸
中年	中年[ちゅうねん]  名 ⓪ ・ （40至50歲）中年
頂戴	頂戴[ちょうだい]  名・他動3 ③⓪ ・ 接受；吃，喝；請給
爪	爪[つめ]  名 ⓪ ・ 指甲；爪子
天然	天然[てんねん]  ナ形・名 ⓪ ・ 天然，自然
転がる	転がる[ころがる]  自動1 ⓪ ・ 滾；倒下，躺下；到處都是
電線	電線[でんせん]  名 ⓪ ・ 電線，電纜
統計	統計[とうけい]  名・他動3 ⓪ ・ 統計
燃やす	燃やす[もやす]  他動1 ⓪ ・ 燃燒；激發
農村	農村[のうそん]  名 ⓪ ・ 農村
農民	農民[のうみん]  名 ⓪ ・ 農民
犯す	犯す[おかす]  他動1 ②⓪ ・ 違反；犯罪
犯罪	犯罪[はんざい]  名 ⓪ ・ 犯罪
肘	肘[ひじ]  名 ② ・ 肘，肘關節
不幸	不幸[ふこう]  名・ナ形 ②① ・ 不幸；委婉地表示親人去世
不注意	不注意[ふちゅうい]  名・ナ形 ② ・ 不小心，疏忽
沸かす	沸かす[わかす]  他動1 ⓪ ・ 燒開；使……沸騰
捕まる	捕まる[つかまる]  自動1 ⓪ ・ 被捉住；抓住，拽住
暮れる	暮れる[くれる]  自動2 ⓪ ・ 天黑；年終
坊ちゃん	坊ちゃん[ぼっちゃん]  名 ① ・ 令郎；小男孩，少爺
防止	防止[ぼうし]  名・他動3 ⓪ ・ 防止
味見	味見[あじみ]  名・他動3 ⓪③ ・ 嘗味道，嘗鹹淡
霧	霧[きり]  名 ⓪ ・ 霧；噴霧
名詞	名詞[めいし]  名 ⓪ ・ 名詞
裸	裸[はだか]  名 ⓪ ・ 裸體；裸露
列島	列島[れっとう]  名 ⓪ ・ 列島，群島
朗らか	朗らか[ほがらか]  ナ形 ② ・ 開朗，（聲音）爽朗；晴朗
〜隻	〜隻[〜せき]  接尾 ・ ……隻，……艘
〜殿	〜殿[〜どの]  接尾 ・ ……先生，……女士，……臺啟
額	額[がく]  名 ⓪ ・ ……金額
いじめ	いじめ  名 ⓪ ・ （校園）暴力，欺負，霸凌
ウィンドー	ウィンドー  名 ②⓪ ・ 窗戶
がたがた	がたがた  副・自動3 ①⓪ ・ （硬物相互接觸的）喀嗒喀嗒①；（因為害怕或寒冷）哆哆嗦嗦地⓪
癌[がん]	癌[がん][がん]  名 ① ・ 癌症；禍害
こたつ	こたつ  名 ⓪ ・ 被爐，暖爐
サイエンス	サイエンス  名 ① ・ 科學，自然科學
ざっくり	ざっくり  副・自動3 ③ ・ （織物的質地、手感）粗糙；（用力切開、劈開）喀嚓；裂成大塊或裂口很深的樣子；（討論）粗略
サラダ油	サラダ油[さらだゆ]  名 ③ ・ 沙拉油
しっくり	しっくり  副・自動3 ③ ・ （事物、人心等）合適，符合，融洽
すくすく	すくすく  副 ②① ・ （植物、小孩等長得快）噌噌
ため息	ため息[ためいき]  名 ③ ・ 嘆氣，長吁短嘆
バンド	バンド  名 ⓪ ・ 帶子；腰帶；樂隊
ブラウス	ブラウス  名 ② ・ 女式罩衫，襯衫
ぷりぷり	ぷりぷり  副・自動3 ①⓪ ・ （肉）結實而有彈性⓪；生氣不開心狀①
ベビーカー	ベビーカー  名 ② ・ 嬰兒車
もくもく	もくもく  副 ① ・ （濃煙、濃霧等）滾滾狀
もむ	もむ  他動1 ⓪ ・ 揉；按摩；擠；討論；擔心
よだれ	よだれ  名 ⓪ ・ 口水
安静	安静[あんせい]  ナ形・名 ⓪ ・ （病人）靜養
一周	一周[いっしゅう]  名・自動3 ⓪ ・ 一週；周遊
一方通行	一方通行[いっぽうつうこう]  名 ⑤ ・ 單向通行；只傳達單方面的意見
引き起こす	引き起こす[ひきおこす]  他動1 ④ ・ 引起；扶起
運行	運行[うんこう]  名・自他動3 ⓪ ・ 執行
英文	英文[えいぶん]  名 ⓪ ・ （書面語）英文；英國文學
延びる	延びる[のびる]  自動2 ② ・ （時間、距離、長度）延長；（時間）推遲
加工	加工[かこう]  名・他動3 ⓪ ・ 加工
家屋	家屋[かおく]  名 ① ・ 房屋，住房
家畜	家畜[かちく]  名 ⓪ ・ 家畜
我	我[われ]  名 ① ・ 自己，自身
画質	画質[がしつ]  名 ⓪ ・ 畫質
解答	解答[かいとう]  名・自動3 ⓪ ・ 解答，答案
外貨	外貨[がいか]  名 ① ・ 外幣；進口貨
核	核[かく]  名 ① ・ 核，核心；核武器
学長	学長[がくちょう]  名 ⓪ ・ 大學校長
幹事	幹事[かんじ]  名 ① ・ 幹事；組織人員，負責人
缶詰	缶詰[かんづめ]  名 ③④⓪ ・ 罐頭
喜ばしい	喜ばしい[よろこばしい]  イ形 ⑤ ・ 可喜的，令人高興的
喜劇	喜劇[きげき]  名 ① ・ 喜劇；滑稽劇
気がかり	気がかり[きがかり]  名・ナ形 ② ・ 掛念，擔心
起点	起点[きてん]  名 ⓪ ・ 起點
偽物	偽物[にせもの]  名 ⓪ ・ 冒牌貨，贗品
叫び声	叫び声[さけびごえ]  名 ④ ・ 叫喊聲，呼聲
驚かす	驚かす[おどろかす]  他動1 ④ ・ 使吃驚；轟動
勤勉	勤勉[きんべん]  名・ナ形 ⓪ ・ 勤勉，勤勞，勤奮
緊急	緊急[きんきゅう]  名・ナ形 ⓪ ・ 緊急，急迫
近々	近々[ちかぢか]  副 ⓪② ・ 不久，過幾天
空っぽ	空っぽ[からっぽ]  名・ナ形 ⓪ ・ 空，空虛
隅	隅[すみ]  名 ① ・ 角落
形状	形状[けいじょう]  名 ⓪ ・ 形狀
見かける	見かける[みかける]  他動2 ⓪③ ・ （偶然）看見
古代	古代[こだい]  名 ① ・ 古代
黒字	黒字[くろじ]  名 ⓪ ・ 盈餘，賺錢
恨む	恨む[うらむ]  他動1 ② ・ 恨，抱怨；遺憾，悔恨
差し込む	差し込む[さしこむ]  自他動1 ③⓪ ・ （「射し込む」とも）光線射入；（「挿し込む」とも）插入；絞痛
災難	災難[さいなん]  名 ③ ・ 災難
在住	在住[ざいじゅう]  名・自動3 ⓪ ・ 居住
使い道	使い道[つかいみち]  名 ⓪ ・ 用法，用途
刺さる	刺さる[ささる]  自動1 ② ・ 刺，扎進；帶來強烈的衝擊和感動
指先	指先[ゆびさき]  名 ⓪④ ・ 手指尖
歯ブラシ	歯ブラシ[はぶらし]  名 ② ・ 牙刷
寺院	寺院[じいん]  名 ① ・ 寺廟
持ち運ぶ	持ち運ぶ[もちはこぶ]  他動1 ④⓪ ・ 搬運（東西）
自然科学	自然科学[しぜんかがく]  名 ④ ・ 自然科學
実生活	実生活[じっせいかつ]  名 ③ ・ 現實生活
社会科学	社会科学[しゃかいかがく]  名 ④ ・ 社會科學
弱み	弱み[よわみ]  名 ③ ・ 弱點，缺點
弱める	弱める[よわめる]  他動2 ③ ・ 減弱，使變弱
主任	主任[しゅにん]  名 ⓪ ・ 主任
手配	手配[てはい]  名・他動3 ①② ・ 籌備，安排；（為了逮捕犯人的）部署
修める	修める[おさめる]  他動2 ③ ・ 學習學問、技能等；端正行為舉止
重たい	重たい[おもたい]  イ形 ⓪③ ・ 重的；沉重的
書面	書面[しょめん]  名 ⓪① ・ 書信；書面檔案
昇る	昇る[のぼる]  自動1 ⓪ ・ 升起；晉升
笑い声	笑い声[わらいごえ]  名 ④⓪ ・ 笑聲
尻	尻[しり]  名 ② ・ 臀部，屁股；末尾，倒數；底部
親父	親父[おやじ]  名 ①⓪ ・ 父親；老頭子；老闆；頭目
人手	人手[ひとで]  名 ⓪ ・ 人為，人工；人手，勞力；別人的幫忙；他人之手
人出	人出[ひとで]  名 ⓪ ・ 外出的人群
水温	水温[すいおん]  名 ⓪ ・ 水溫
水着	水着[みずぎ]  名 ⓪ ・ 遊衣，泳裝
炊飯器	炊飯器[すいはんき]  名 ③ ・ 炊飯鍋，電子鍋
星空	星空[ほしぞら]  名 ③⓪ ・ 星空
清い	清い[きよい]  イ形 ② ・ 清澈；純潔
生まれ育つ	生まれ育つ[うまれそだつ]  自動1 ⑤ ・ （在那裡或那時）出生並成長
生意気	生意気[なまいき]  名・ナ形 ⓪ ・ 傲慢，狂妄，自大，不知天高地厚
青少年	青少年[せいしょうねん]  名 ③ ・ 青少年
全力	全力[ぜんりょく]  名 ⓪ ・ 全部力量
粗い	粗い[あらい]  イ形 ⓪ ・ （編織物的紋路或顆粒）粗的，大的；粗糙的；粗枝大葉的，草率的
損失	損失[そんしつ]  名 ⓪ ・ 損失
待合室	待合室[まちあいしつ]  名 ③ ・ （車站或醫院等的）等候室
大いに	大いに[おおいに]  副 ① ・ 非常，大量地
大昔	大昔[おおむかし]  名 ③ ・ 遠古，很久以前
団地	団地[だんち]  名 ⓪① ・ 住宅區，小區
断水	断水[だんすい]  名・自他動3 ⓪ ・ 停水
断定	断定[だんてい]  名・他動3 ⓪ ・ 斷定，判斷
着替える	着替える[きがえる]  他動2 ②③ ・ 換衣服
注意深い	注意深い[ちゅういぶかい]  イ形 ⑤ ・ 小心翼翼的，小心謹慎的
朝晩	朝晩[あさばん]  名 ① ・ 早晚；每天，經常
聴講	聴講[ちょうこう]  名・自他動3 ⓪ ・ 聽講，旁聽
長	長[なが]  造 ・ 長……
賃貸	賃貸[ちんたい]  名・他動3 ① ・ 租賃，出租
怒りっぽい	怒りっぽい[おこりっぽい]  イ形 ⑤ ・ 愛生氣的，易怒的
糖分	糖分[とうぶん]  名 ① ・ 糖分，甜味
同	同[どう]  造 ① ・ 同……，該……
同行	同行[どうこう]  名・自動3 ⓪ ・ 同行，一起走
同窓会	同窓会[どうそうかい]  名 ③ ・ 同學會
銅	銅[どう]  名 ① ・ 銅
読み物	読み物[よみもの]  名 ③② ・ 讀物；（有內容的）可以一讀的文章
入れ物	入れ物[いれもの]  名 ⓪ ・ 容器，器具
ばかばかしい	ばかばかしい  イ形 ⑤ ・ 愚蠢的，無聊的；荒謬的，離譜的
かぶせる	かぶせる  他動2 ③ ・ 蒙上，蓋上，包上；嫁禍，推委
被害者	被害者[ひがいしゃ]  名 ② ・ 受災者；被害人
尾	尾[お]  名 ① ・ 尾巴；尾部
微[ほほ]笑む	微[ほほ]笑む[ほほえむ]  自動1 ③ ・ 微笑；花蕾綻放
眉	眉[まゆ]  名 ① ・ 眉毛
筆	筆[ふで]  名 ⓪ ・ 毛筆；用毛筆寫（的書法或繪畫）；文章
病室	病室[びょうしつ]  名 ⓪ ・ 病房，病室
病人	病人[びょうにん]  名 ⓪ ・ 病人
婦人	婦人[ふじん]  名 ⓪ ・ 婦女，女士
物音	物音[ものおと]  名 ③④ ・ 響動，聲音
聞き出す	聞き出す[ききだす]  他動1 ③ ・ 問出；開始聽
片手	片手[かたて]  名 ⓪③ ・ 一隻手；一隻
満開	満開[まんかい]  名・自動3 ⓪ ・ 盛開，全開
未成年	未成年[みせいねん]  名 ② ・ 未成年
民間	民間[みんかん]  名 ⓪ ・ 民間；私營
無関心	無関心[むかんしん]  名・ナ形 ② ・ 不關心，不感興趣
無駄遣い	無駄遣い[むだづかい]  名・他動3 ③ ・ 浪費，亂花錢
面倒臭い	面倒臭い[めんどうくさい]  イ形 ⑥ ・ 非常麻煩的
模様	模様[もよう]  名 ⓪ ・ 花紋，圖案；情況
猛暑	猛暑[もうしょ]  名 ① ・ 炎熱，酷暑
網	網[あみ]  名 ② ・ 網；法網
餅	餅[もち]  名 ⓪ ・ 年糕
役員	役員[やくいん]  名 ② ・ （團體等的）負責人；（公司的）董事
躍動	躍動[やくどう]  名・自動3 ⓪ ・ 跳動，朝氣蓬勃
油絵	油絵[あぶらえ]  名 ③ ・ 油畫
由来	由来[ゆらい]  名・自動3・副 ⓪ ・ 由來，來歷；原本，本來
夕暮れ	夕暮れ[ゆうぐれ]  名 ⓪ ・ 黃昏，傍晚
洋	洋[よう]  名・造 ・ 西洋……，西式……
欲望	欲望[よくぼう]  名 ⓪ ・ 慾望
頼りない	頼りない[たよりない]  イ形 ④ ・ 無依無靠，令人不安；不可靠，不可信賴
離婚	離婚[りこん]  名・自動3 ⓪ ・ 離婚
粒	粒[つぶ]  名 ① ・ 顆粒，圓粒
例える	例える[たとえる]  他動2 ③ ・ 比喻，比作
連日	連日[れんじつ]  名・副 ⓪ ・ 連日，接連幾天
解かす	解かす[とかす]  他動1 ② ・ 梳理
いびき	いびき  名 ③ ・ 鼾聲
論じる	論じる[ろんじる]  他動2 ③⓪ ・ 論述，說明；討論，爭論；論，問，管
輪	輪[わ]  名 ① ・ 圓圈，圓形；車輪
くぎ	くぎ  名 ⓪ ・ 釘子
さじ	さじ  名 ②① ・ 湯匙
要領	要領[ようりょう]  名 ③ ・ 要點，要領；竅門，訣竅
為[な]す	為[な]す[なす]  他動1 ① ・ 做，為
ざらざら	ざらざら  副①・自動3①・ナ形⓪ ⓪① ・ 粗糙，不光滑；（粗糙顆粒狀的物體相互接觸發出聲音）嘩啦嘩啦
水平	水平[すいへい]  名・ナ形 ⓪ ・ 水平；平衡
可決	可決[かけつ]  名・他動3 ⓪ ・ 贊成，透過
方言	方言[ほうげん]  名 ③ ・ 方言，土話
不利	不利[ふり]  名・ナ形 ① ・ 不利，不妙
図表	図表[ずひょう]  名 ⓪ ・ 圖表；曲線圖，座標圖
複写	複写[ふくしゃ]  名・他動3 ⓪ ・ 影印，複製
署名	署名[しょめい]  名・自動3 ⓪ ・ 署名，簽名
体系	体系[たいけい]  名 ⓪ ・ 體系，系統
しきりに	しきりに  副 ⓪ ・ 屢次，頻繁地；強烈，深深地
クレーム	クレーム  名 ⓪② ・ 索賠；投訴，抱怨
詫[わ]びる	詫[わ]びる[わびる]  他動2 ②⓪ ・ 道歉，謝罪
功績	功績[こうせき]  名 ⓪ ・ 功績，功業
会合	会合[かいごう]  名・自動3 ⓪ ・ 集合，集會
洗面台	洗面台[せんめんだい]  名 ⓪ ・ 洗臉池
先祖	先祖[せんぞ]  名 ① ・ 祖先，祖宗
利害	利害[りがい]  名 ① ・ 利害，得失
大木	大木[たいぼく]  名 ⓪ ・ 大樹，巨樹
物置	物置[ものおき]  名 ③④ ・ 庫房，儲藏室
記号	記号[きごう]  名 ⓪ ・ 記號，符號
傑作	傑作[けっさく]  ナ形・名 ⓪ ・ 傑作、名作；奇妙有趣
一人前	一人前[いちにんまえ]  名 ⓪ ・ 一人份；成年；夠格，獨當一面
難点	難点[なんてん]  名 ③⓪ ・ 難點；缺點
上り	上り[のぼり]  名 ⓪ ・ 由下往上（的路）；逆流而上；從終點到起點方向（的列車或巴士）；由地方去首都
身動き	身動き[みうごき]  名・自動3 ② ・ 活動身體；自由行動
ねばねば	ねばねば  副①・自動3①・名⓪ ①⓪ ・ （手上等黏上黏東西後）黏糊糊
ひとまず	ひとまず  副 ② ・ 暫且，總之
くつろぐ	くつろぐ  自動1 ③ ・ 輕鬆自在，放鬆
くず	くず  名 ① ・ 碎屑；廢物
よこす	よこす  他動1 ② ・ 寄來，送來，交來；（動詞連用形＋「て」の形に付いて）……過來
跡	跡[あと]  名 ① ・ 痕跡；跡象；行蹤；遺蹟
くじける	くじける  自動2 ③ ・ 挫傷，扭傷；氣餒，消沉
散々	散々[さんざん]  ナ形・副 ③⓪ ・ 狠狠地，深深地；慘，糟糕，狼狽
縞[しま]	縞[しま][しま]  名 ② ・ 條紋，格紋；條紋花樣
甚だしい	甚だしい[はなはだしい]  イ形 ⑤ ・ 非常，很
澄む	澄む[すむ]  自動1 ① ・ 清澈；清靜；清晰
せいぜい	せいぜい  副 ① ・ 盡可能；至多，充其量
相 槌[づち]	相 槌[づち]  名 ⓪④③ ・ 隨聲附和，幫腔
どける	どける  他動2 ⓪ ・ 挪開，移開，騰出地方
大ざっぱ	大ざっぱ[おおざっぱ]  ナ形 ③ ・ 粗枝大葉的，大概的
ほどよい	ほどよい  イ形 ③ ・ 恰好的，程度剛好的
田んぼ	田んぼ[たんぼ]  名 ⓪ ・ 田地
当てはめる	当てはめる[あてはめる]  他動2 ④ ・ 適用，使……符合
ばね	ばね  名 ① ・ 發條，彈簧；（腿、腰等的）彈性
かねがね	かねがね  副 ②③ ・ 很久以前
れんが	れんが  名 ① ・ 磚，磚塊
つまずく	つまずく  自動1 ③⓪ ・ 絆倒；受挫
隕[いん]石	隕[いん]石[いんせき]  名 ①⓪ ・ 隕石
くよくよ	くよくよ  副・自動3 ① ・ 想不開，耿耿於懷
ケア	ケア  他動3・名 ① ・ 照顧，護理；保養，管理；關心，照顧
コンクリート	コンクリート  名 ④ ・ 混凝土
シンボル	シンボル  名 ① ・ 象徵；符號
すっと	すっと  副・自動3 ⓪① ・ 行動輕快地；舒暢
スライド	スライド  名・自他動3 ⓪ ・ 投影片，投影機；滑動，滑座
ナース	ナース  名 ① ・ 護士，女護士
ネットワーク	ネットワーク  名 ④ ・ 網路；網狀組織
パーソナル	パーソナル  ナ形 ① ・ 個人的
パフォーマンス	パフォーマンス  名 ② ・ 表演，演出；效果，性能
ふざける	ふざける  自動2 ③ ・ 開玩笑；嘲弄
フリーター	フリーター  名 ⓪ ・ 靠打工維持生計的人
へとへと	へとへと  ナ形 ⓪ ・ 筋疲力盡
ぼうっと	ぼうっと  副・自動3 ⓪ ・ 朦朧，模糊；發呆，出神；（火）熊熊燃燒
マスター	マスター  他動3・名 ① ・ 老闆；碩士；掌握
マッサージ	マッサージ  他動3・名 ③ ・ 按摩
みっともない	みっともない  イ形 ⑤ ・ 難看的，丟臉，不體面的
めっきり	めっきり  副 ③ ・ 顯著，明顯
モーター	モーター  名 ① ・ 馬達，發動機；車
モダン	モダン  ナ形 ⓪ ・ 現代的，流行的
ヨット	ヨット  名 ① ・ 帆船，遊艇
ランダム	ランダム  ナ形・名 ① ・ 無規則的，隨機
リスク	リスク  名 ① ・ 危險，風險
リストラ	リストラ  他動3・名 ⓪ ・ 裁員
レジャー	レジャー  名 ① ・ 餘暇，空閒；休閒娛樂
ローン	ローン  名 ① ・ 貸款
圧縮	圧縮[あっしゅく]  名・他動3 ⓪ ・ 壓縮；縮短，縮減；（電腦）壓縮
為替	為替[かわせ]  名 ⓪ ・ 外匯
衣食住	衣食住[いしょくじゅう]  名 ③② ・ 吃穿住
一家	一家[いっか]  名 ① ・ 一家；全家，一家人
引っ掛かる	引っ掛かる[ひっかかる]  自動1 ④ ・ 掛住；捲入；中圈套；濺到
引力	引力[いんりょく]  名 ① ・ 引力，相互吸引的力
衛生	衛生[えいせい]  名 ⓪ ・ 衛生
園芸	園芸[えんげい]  名 ⓪ ・ 園藝，園林栽培
演説	演説[えんぜつ]  名・自動3 ⓪ ・ 演講，演說
煙突	煙突[えんとつ]  名 ⓪ ・ 煙囪
下町	下町[したまち]  名 ⓪ ・ 城市中位於低窪地帶，商業和工業繁榮的地區
架空	架空[かくう]  名 ⓪ ・ 虛構；架空
過失	過失[かしつ]  名 ⓪ ・ 過失
解雇	解雇[かいこ]  名・他動3 ① ・ 解僱
外交	外交[がいこう]  名 ⓪ ・ 外交
概論	概論[がいろん]  名・自他動3 ⓪ ・ 概論
街角	街角[まちかど]  名 ⓪ ・ 街角；街頭
垣根	垣根[かきね]  名 ②③ ・ 柵欄，籬笆；障礙（物）
殻	殻[から]  名 ② ・ 殼，外皮；取出內容物後所剩的外部部分；獨自的空間
学術	学術[がくじゅつ]  名 ⓪② ・ 學術
危うい	危うい[あやうい]  イ形 ⓪③ ・ 危險的；危急的
基地	基地[きち]  名 ①② ・ 基地，根據地
基盤	基盤[きばん]  名 ⓪ ・ 根基，基礎
希薄	希薄[きはく]  名・ナ形 ⓪ ・ 稀薄；缺乏（某個要素）
機関車	機関車[きかんしゃ]  名 ② ・ 機車，火車頭
飢える	飢える[うえる]  自動2 ② ・ 飢餓；渴望
休息	休息[きゅうそく]  名・自動3 ⓪ ・ 休息，放鬆
急用	急用[きゅうよう]  名 ⓪ ・ 急事
給与	給与[きゅうよ]  名・他動3 ① ・ 給予；薪酬
漁業	漁業[ぎょぎょう]  名 ① ・ 漁業
響き	響き[ひびき]  名 ③ ・ 聲音；聽起來的感覺；影響
琴	琴[こと]  名 ① ・ （日式樂器）古琴，箏
金庫	金庫[きんこ]  名 ① ・ 金庫，保險櫃；金融機關，金庫
金銭	金銭[きんせん]  名 ① ・ 金錢，貨幣
金融	金融[きんゆう]  名 ⓪ ・ 金融，信貸
区域	区域[くいき]  名 ① ・ 區域，範圍
空中	空中[くうちゅう]  名 ⓪ ・ 空中，太空中
刑事	刑事[けいじ]  名 ① ・ 刑警；刑事
欠く	欠く[かく]  他動1 ⓪ ・ 缺少，缺乏；弄壞（堅硬物體的一部分）
原始	原始[げんし]  名 ① ・ 原始，原初
限度	限度[げんど]  名 ① ・ 限度，界限
のち	のち  名 ②⓪ ・ 之後，稍後；將來；死後
口実	口実[こうじつ]  名 ⓪ ・ 藉口，理由
行楽	行楽[こうらく]  名 ⓪ ・ 遊玩，出遊
合理的	合理的[ごうりてき]  ナ形 ⓪ ・ 合理的
合流	合流[ごうりゅう]  名・自動3 ⓪ ・ 合流，匯合；會合
混合	混合[こんごう]  名・自他動3 ⓪ ・ 混合，混在一起
差別	差別[さべつ]  名・他動3 ① ・ 區分；歧視
最先端	最先端[さいせんたん]  名 ③ ・ 最尖端
裁判	裁判[さいばん]  名・他動3 ① ・ 審理，審判
三日月	三日月[みかづき]  名 ⓪ ・ 新月，月牙
山林	山林[さんりん]  名 ⓪ ・ 山林
子孫	子孫[しそん]  名 ① ・ 子孫，後代
資本	資本[しほん]  名 ⓪ ・ 資本
持ち出す	持ち出す[もちだす]  他動1 ③⓪ ・ 拿出去；提出；分擔一部分費用
持ち上げる	持ち上げる[もちあげる]  他動2 ④⓪ ・ 舉起；奉承
時速	時速[じそく]  名 ①⓪ ・ 時速
治まる	治まる[おさまる]  自動1 ③ ・ 社會安定太平
執筆	執筆[しっぴつ]  名・他動3 ⓪ ・ 執筆，寫文章
実例	実例[じつれい]  名 ⓪ ・ 例項，實際的例子
芝居	芝居[しばい]  名・自動3 ⓪ ・ 戲劇；演技；花招
宗教	宗教[しゅうきょう]  名 ① ・ 宗教
宿	宿[やど]  名 ① ・ 房屋，家；旅館，旅店
出来上がり	出来上がり[できあがり]  名 ⓪ ・ 完成；完成情況
純粋	純粋[じゅんすい]  名・ナ形 ⓪ ・ 純淨，純粹；純粹，單純
処分	処分[しょぶん]  名・他動3 ① ・ 處理，扔掉；處分
書斎	書斎[しょさい]  名 ⓪ ・ 書齋，書房
女優	女優[じょゆう]  名 ⓪ ・ 女演員，女藝人
商人	商人[しょうにん]  名 ① ・ 商人，從事買賣的人
消去	消去[しょうきょ]  名・他動3 ① ・ 消去，消除
賞品	賞品[しょうひん]  名 ⓪ ・ 獎品
障子	障子[しょうじ]  名 ⓪ ・ 日式拉門，隔扇
上旬	上旬[じょうじゅん]  名 ⓪ ・ 上旬
情熱	情熱[じょうねつ]  名 ⓪ ・ 激情，熱情
植木	植木[うえき]  名 ⓪ ・ （庭院裡）栽種的樹；盆栽
色づく	色づく[いろづく]  自動1 ③ ・ （樹葉）變紅；（果實）漸熟
食糧	食糧[しょくりょう]  名 ② ・ （主食等）食物，糧食
心得る	心得る[こころえる]  他動2 ④ ・ 理解，明白；答應；作為修養習得
診る	診る[みる]  他動2 ① ・ 診查
進路	進路[しんろ]  名 ① ・ 進路；前途
人見知り	人見知り[ひとみしり]  名・自動3 ③⓪ ・ （小孩）怕生，怕生
人種	人種[じんしゅ]  名 ⓪ ・ 人種，種族
図形	図形[ずけい]  名 ⓪ ・ 圖形，圖示
推定	推定[すいてい]  名・他動3 ⓪ ・ 推斷，估計；（法律）推定
水平線	水平線[すいへいせん]  名 ⓪ ・ 水平線；地平線
随筆	随筆[ずいひつ]  名 ⓪ ・ 隨筆，散文
杉	杉[すぎ]  名 ⓪ ・ 杉樹
寸法	寸法[すんぽう]  名 ⓪ ・ 尺寸，尺碼；計畫，步驟，打算
正味	正味[しょうみ]  名 ① ・ 實質內容，淨重；真貨；實價
清書	清書[せいしょ]  名・他動3 ⓪ ・ 謄清，抄寫清楚
誓う	誓う[ちかう]  他動1 ⓪② ・ 發誓，宣誓
税関	税関[ぜいかん]  名 ⓪ ・ 海關
接近	接近[せっきん]  名・自動3 ⓪ ・ 接近；靠近
絶滅	絶滅[ぜつめつ]  名・自他動3 ⓪ ・ 滅絕；消滅，使……滅絕
挿入	挿入[そうにゅう]  名・他動3 ⓪ ・ 插入
逮捕	逮捕[たいほ]  名・他動3 ① ・ 逮捕，刑事拘留
大層	大層[たいそう]  副・ナ形 ① ・ 非常；誇張
大半	大半[たいはん]  名 ⓪③ ・ 大半，大部分
短編	短編[たんぺん]  名 ⓪ ・ （詩歌、小說、電影等）短篇
知事	知事[ちじ]  名 ① ・ （日本統轄和代表都、道、府、縣的長官）知事
地質	地質[ちしつ]  名 ⓪ ・ 地質
地盤	地盤[じばん]  名 ⓪ ・ 地面，地基，基礎；地盤
中世	中世[ちゅうせい]  名 ① ・ 中世紀
中途	中途[ちゅうと]  名 ⓪ ・ 中途，半途
貯蔵	貯蔵[ちょぞう]  名・他動3 ⓪ ・ 儲藏，儲存
彫る	彫る[ほる]  他動1 ① ・ 雕刻；文身
朝夕	朝夕[あさゆう]  名 ① ・ 早晨和晚上；每天，經常
跳ねる	跳ねる[はねる]  自動2 ② ・ 跳起；飛濺
直線	直線[ちょくせん]  名 ⓪ ・ 直線
定規	定規[じょうぎ]  名・ナ形 ① ・ 規尺；標準，規則
適用	適用[てきよう]  名・他動3 ⓪ ・ 適用，應用
殿	殿[との]  名 ① ・ 老爺，大人
田植え	田植え[たうえ]  名 ③ ・ 插秧
電柱	電柱[でんちゅう]  名 ⓪ ・ 電線杆
投書	投書[とうしょ]  名・自他動3 ⓪ ・ 投稿；（意見、批評、抱怨或期望等）寫信，投書
当番	当番[とうばん]  名 ① ・ 值班，當班的人
陶芸	陶芸[とうげい]  名 ⓪ ・ 陶瓷工藝
頭脳	頭脳[ずのう]  名 ① ・ 腦；頭腦，智力；首腦
働き者	働き者[はたらきもの]  名 ⓪ ・ 幹活能手，勤勞的人
同期	同期[どうき]  名・自他動3 ①⓪ ・ 同期；同學年；同步
童話	童話[どうわ]  名 ⓪ ・ 童話
突っ込む	突っ込む[つっこむ]  自他動1 ③ ・ 闖入；插入；深入；深究，追問
肉食	肉食[にくしょく]  名・自動3 ⓪ ・ （人）吃肉；（動物）肉食
濃度	濃度[のうど]  名 ① ・ 濃度
納まる	納まる[おさまる]  自動1 ③ ・ 繳納；安坐
俳句	俳句[はいく]  名 ⓪③ ・ 俳句
売買	売買[ばいばい]  名・他動3 ① ・ 買賣
剝がす	剝がす[はがす]  他動1 ② ・ 剝下，揭下
博士	博士[はかせ]  名 ① ・ 博學的人；博士
爆発的	爆発的[ばくはつてき]  ナ形 ⓪ ・ 爆炸性的，驚人的
発射	発射[はっしゃ]  名・他動3 ⓪ ・ 發射
半径	半径[はんけい]  名 ① ・ 半徑
悲劇	悲劇[ひげき]  名 ① ・ 悲劇
皮肉	皮肉[ひにく]  名・ナ形 ⓪ ・ 諷刺，挖苦，嘲諷
必需品	必需品[ひつじゅひん]  名 ⓪ ・ 必需品
標識	標識[ひょうしき]  名 ⓪ ・ 標識，標誌，標記
標準	標準[ひょうじゅん]  名 ⓪ ・ 標準；平均水平
不正	不正[ふせい]  名・ナ形 ⓪ ・ 不正當，不正經
武士	武士[ぶし]  名 ① ・ 武士
風呂敷	風呂敷[ふろしき]  名 ⓪ ・ 包袱皮，用於包東西的方形布
物語る	物語る[ものがたる]  他動1 ④ ・ 講述；表明，說明
噴火	噴火[ふんか]  名・自動3 ⓪ ・ 火山爆發
文芸	文芸[ぶんげい]  名 ⓪ ・ 文藝；學問和技藝
文脈	文脈[ぶんみゃく]  名 ⓪ ・ 文脈，語境
文明	文明[ぶんめい]  名 ⓪ ・ 文明
平行	平行[へいこう]  ナ形・名・自動3 ⓪ ・ 平行
呆[あき]れる	呆[あき]れる[あきれる]  自動2 ⓪ ・ 嚇呆
宝石	宝石[ほうせき]  名 ⓪ ・ 寶石
坊や	坊や[ぼうや]  名 ① ・ 男孩；不懂世故的年輕人
望遠鏡	望遠鏡[ぼうえんきょう]  名 ⓪ ・ 望遠鏡
冒険	冒険[ぼうけん]  名・自動3 ⓪ ・ 冒險
牧畜	牧畜[ぼくちく]  名 ⓪ ・ 畜牧
盆	盆[ぼん]  名 ⓪① ・ 盆，托盤；（お盆）盂蘭盆節
目安	目安[めやす]  名 ①⓪ ・ 大致的目標，標準
目次	目次[もくじ]  名 ⓪ ・ 目錄
矢印	矢印[やじるし]  名 ② ・ 箭頭符號
役者	役者[やくしゃ]  名 ⓪ ・ 演員；（深諳世故、善於交涉等有手腕的）人才
有能	有能[ゆうのう]  名・ナ形 ⓪ ・ 有才能
余分	余分[よぶん]  名・ナ形 ⓪ ・ 剩餘；多餘
裏口	裏口[うらぐち]  名 ⓪ ・ 後門；走後門
陸	陸[りく]  名 ⓪ ・ 陸地，旱地
連想	連想[れんそう]  名・他動3 ⓪ ・ 聯想
老い	老い[おい]  名 ②⓪① ・ 老，衰老；老年人
老後	老後[ろうご]  名 ⓪① ・ 晚年，老年
交う	交う[かう]  動1 ① ・ 交織，相互，交叉，……來……去
街	街[がい]  造 ・ ……街
強	強[きょう]  接尾・造 ① ・ 超過……一點；強
触り	触り[さわり]  名 ⓪ ・ 觸感，感覺
庁	庁[ちょう]  名 ① ・ ……廳，……署
あやふや	あやふや  ナ形 ⓪ ・ 模稜兩可，含糊
いささか	いささか  副 ②⓪ ・ 有點；絲毫（不）
いざという時	いざという時[いざというとき]  成句 ・ 緊要關頭，危急時刻
いじる	いじる  他動1 ② ・ 擺弄，撫弄，撥弄；玩賞，玩弄
嘘[うそ]つき	嘘[うそ]つき[うそつき]  名 ② ・ 說謊，說謊的人
おおかみ	おおかみ  名 ① ・ 狼；表面和善實際兇惡的人
オークション	オークション  名 ① ・ 拍賣
おまけ	おまけ  名・自他動3 ⓪ ・ 減價；贈品；另外附加（的東西）
カーナビ	カーナビ  名 ⓪ ・ 汽車自動導航儀
絆[きずな]	絆[きずな][きずな]  名 ⓪ ・ 紐帶，羈絆
毅[き]然	毅[き]然[きぜん]  形動トタル ⓪ ・ 毅然，堅決
ぐっと	ぐっと  副 ⓪① ・ 使勁，一口氣地；……得多
くみ上げる	くみ上げる[くみあげる]  他動2 ④ ・ 舀，抽（液體）；採納（部屬或群眾的要求、建議等）
さえずる	さえずる  自動1 ③ ・ （小鳥）嘰嘰喳喳；喋喋不休
嗜[し]好	嗜[し]好[しこう]  名・他動3 ⓪ ・ 嗜好，愛好
しょんぼり	しょんぼり  副・自動3 ③ ・ 垂頭喪氣，無精打采
スケッチ	スケッチ  他動3・名 ② ・ 素描，寫生；短篇作品
雀[すずめ]	雀[すずめ][すずめ]  名 ⓪ ・ 麻雀
ずっしり	ずっしり  副 ③ ・ （物體）沉甸甸
せかせか	せかせか  副・自動3 ① ・ （說話、動作、態度等）急急忙忙
タブー	タブー  名 ②① ・ 禁忌之物，避諱的事
とかく	とかく  副 ⓪ ・ 種種，這個那個；動不動，總是；總之
トラベル	トラベル  名 ② ・ 旅行
どんより	どんより  副・自動3 ③ ・ 陰沉沉；渾濁
ばか	ばか  名・ナ形 ① ・ 愚蠢，笨，傻，混蛋，笨蛋；非常……，過於……
びくびく	びくびく  副・自動3 ① ・ 畏縮，戰戰兢兢，顫抖
ひねる	ひねる  他動1 ② ・ 擰；（身體）扭動；（「頭をひねる」の形で）冥思苦想
ひらひら	ひらひら  副・自動3 ① ・ 薄而輕的東西在空中搖曳的樣子
淵[ふち]	淵[ふち][ふち]  名 ② ・ 淵，潭；深淵
ふとした	ふとした  連体 ②⓪① ・ 意外的，偶然的
プロジェクト	プロジェクト  名 ②③ ・ 計劃，專案
マッチ	マッチ  名・自動3 ① ・ 協調；火柴；比賽
やられる	やられる  自動2 ⓪ ・ 受害，被害；生病；被打敗
やり遂げる	やり遂げる[やりとげる]  他動2 ④ ・ 完成，幹到底
やり通す	やり通す[やりとおす]  他動1 ③ ・ 做完，做到最後
リーダーシップ	リーダーシップ  名 ⑤ ・ 領導地位；領導能力
安	安[やす]  接頭・接尾 ・ 低……
安らか	安らか[やすらか]  ナ形 ② ・ 安樂，安逸；安靜，安穩
引き上げる	引き上げる[ひきあげる]  自他動2 ④ ・ 吊起；提高；撤回；提拔；返回原地
引き裂く	引き裂く[ひきさく]  他動1 ③ ・ （把布等）撕裂；拆散（關係）
往来	往来[おうらい]  名・自動3 ⓪ ・ 往來，徘徊；縈繞；道路；交際，來往
押し出す	押し出す[おしだす]  自他動1 ③ ・ 推出去；突出；全體出動
旺盛	旺盛[おうせい]  ナ形・名 ⓪ ・ 旺盛，充沛
横暴	横暴[おうぼう]  名・ナ形 ⓪ ・ 粗暴，殘暴，蠻橫
音色	音色[ねいろ]  名 ⓪ ・ 音色
何とも	何とも[なんとも]  副 ⓪① ・ 怎麼也（不）；沒什麼；真的，實在
架け橋	架け橋[かけはし]  名 ② ・ 吊橋，浮橋；橋梁
過疎	過疎[かそ]  名 ① ・ 人口過少
解明	解明[かいめい]  名・他動3 ⓪ ・ 弄清楚，弄明白
懐かしむ	懐かしむ[なつかしむ]  他動1 ④ ・ 懷念，眷戀
改革	改革[かいかく]  名・他動3 ⓪ ・ 改革
崖	崖[がけ]  名 ⓪ ・ 山崖，懸崖
格差	格差[かくさ]  名 ① ・ （資格、等級、所得、價格等）差距，差別
学業	学業[がくぎょう]  名 ②⓪ ・ 學業
学説	学説[がくせつ]  名 ⓪ ・ 學說
活性	活性[かっせい]  名 ⓪ ・ 活性
感染	感染[かんせん]  名・自動3 ⓪ ・ 感染；沾染
歓声	歓声[かんせい]  名 ⓪ ・ 歡聲，歡呼聲
監視	監視[かんし]  名・他動3 ⓪ ・ 監視
観賞	観賞[かんしょう]  他動3・名 ⓪ ・ 觀賞
館長	館長[かんちょう]  名 ① ・ 館長
丸ごと	丸ごと[まるごと]  副 ⓪ ・ 完整，整個
奇跡	奇跡[きせき]  名 ②①⓪ ・ 奇蹟
気まま	気まま[きまま]  名・ナ形 ⓪ ・ 任性，隨意
紀元	紀元[きげん]  名 ① ・ 紀元，西元
貴族	貴族[きぞく]  名 ① ・ 貴族；特權階層
起動	起動[きどう]  名・自他動3 ⓪ ・ 啟動，開始運轉
議題	議題[ぎだい]  名 ⓪ ・ 議題，討論題目
逆転	逆転[ぎゃくてん]  名・自他動3 ⓪ ・ 反轉；逆轉
宮殿	宮殿[きゅうでん]  名 ⓪ ・ 宮殿
給食	給食[きゅうしょく]  名・自動3 ⓪ ・ （學校、工廠等）供餐，提供飲食
居住	居住[きょじゅう]  名・自動3 ⓪ ・ 居住
叫び	叫び[さけび]  名 ③ ・ 叫喊，喊聲；拼命訴求
強まる	強まる[つよまる]  自動1 ③ ・ 強烈起來
恐れ入る	恐れ入る[おそれいる]  自動1 ② ・ 十分抱歉；實在不好意思；折服，拜服；驚訝，傻眼
教え子	教え子[おしえご]  名 ⓪③ ・ 學生，徒弟，門徒
駆けつける	駆けつける[かけつける]  自動2 ⓪④ ・ 急速趕到，奔赴
駆使	駆使[くし]  他動3・名 ①② ・ 運用，操控自如
空腹	空腹[くうふく]  ナ形・名 ⓪ ・ 空腹，餓肚子
携わる	携わる[たずさわる]  自動1 ④ ・ 從事
軽やか	軽やか[かろやか]  ナ形 ② ・ 輕盈，輕鬆，輕快
月刊	月刊[げっかん]  名 ⓪ ・ 月刊
建て前	建て前[たてまえ]  名 ②③ ・ 表面上的主義，方針，原則
肩書き	肩書き[かたがき]  名 ⓪ ・ （名片等上面附加於姓名旁的）職稱；（社會上的）頭銜，身分，地位
見違える	見違える[みちがえる]  他動2 ⓪④③ ・ 看錯，判斷錯
見回す	見回す[みまわす]  他動1 ⓪③ ・ 環視，環顧
見合い	見合い[みあい]  名・自動3 ⓪ ・ 相親；平衡，相稱
見捨てる	見捨てる[みすてる]  他動2 ⓪③ ・ 拋棄，棄之不顧
見通す	見通す[みとおす]  他動1 ⓪② ・ 一直看到最後；眺望；看透；預測
原則	原則[げんそく]  名 ⓪ ・ 原則，原理
原文	原文[げんぶん]  名 ⓪ ・ 原文
厳格	厳格[げんかく]  ナ形 ⓪ ・ 嚴格，嚴肅，嚴厲
厳粛	厳粛[げんしゅく]  ナ形 ⓪ ・ 莊嚴；嚴肅
現	現[げん]  造 ① ・ 現在的，當下的
言い合う	言い合う[いいあう]  自他動1 ③ ・ 相互說……；爭吵
言い分	言い分[いいぶん]  名 ⓪ ・ 主張；不滿
古〜	古〜[ふる〜]  接頭 ・ 古老，陳舊的，以前的
古今	古今[ここん]  名 ① ・ 古今，今與昔
誇る	誇る[ほこる]  他動1 ② ・ 得意，自誇；以……為榮
雇用	雇用[こよう]  名・他動3 ⓪ ・ 雇用，雇傭
後世	後世[こうせい]  名 ① ・ 後世
候補者	候補者[こうほしゃ]  名 ③ ・ 候補人員，候選人
好意	好意[こうい]  名 ① ・ 好意，善意
好況	好況[こうきょう]  名 ⓪ ・ 繁榮，景氣
抗議	抗議[こうぎ]  名・自他動3 ① ・ 抗議，呼籲
考古学	考古学[こうこがく]  名 ③ ・ 考古學
行き過ぎる	行き過ぎる[いきすぎる]  自動2 ④ ・ 經過；走過頭；超出限度
行政	行政[ぎょうせい]  名 ⓪ ・ 行政；政務
鉱山	鉱山[こうざん]  名 ① ・ 礦山
降水	降水[こうすい]  名 ⓪ ・ 降水
昆虫	昆虫[こんちゅう]  名 ⓪ ・ 昆蟲
混同	混同[こんどう]  名・自他動3 ⓪ ・ 混淆，混同
差し出す	差し出す[さしだす]  他動1 ③⓪ ・ 伸出，遞出；寄出，派出；提交
採択	採択[さいたく]  名・他動3 ⓪ ・ 採納，透過
災い	災い[わざわい]  名 ⓪ ・ 災難，災禍
細工	細工[さいく]  他動3・名 ③⓪ ・ 手工藝品；玩弄伎倆，耍花招
在庫	在庫[ざいこ]  名 ⓪ ・ 庫存
在籍	在籍[ざいせき]  名・自動3 ⓪ ・ 在學籍，在編，在冊
削減	削減[さくげん]  名・他動3 ⓪ ・ 削減，減少
山腹	山腹[さんぷく]  名 ⓪ ・ 山腰
仕入れる	仕入れる[しいれる]  他動2 ③ ・ 進貨，買進；取得，獲得
思いもよらない	思いもよらない[おもいもよらない]  成句 ・ 出乎意料
思い当たる	思い当たる[おもいあたる]  自動1 ⑤⓪ ・ 想起來；覺得有道理
思わしくない	思わしくない[おもわしくない]  成句 ・ 不如意的
視聴	視聴[しちょう]  名・他動3 ⓪ ・ 收看；關注
資産	資産[しさん]  名 ①⓪ ・ 資產
自立	自立[じりつ]  名・自動3 ⓪ ・ 自立，獨立
実体	実体[じったい]  名 ⓪ ・ 實體，本質
若干	若干[じゃっかん]  名・副 ⓪ ・ 若干，多少，有些
弱者	弱者[じゃくしゃ]  名 ① ・ 弱者
主催	主催[しゅさい]  名・他動3 ⓪ ・ 主辦，舉辦
主題	主題[しゅだい]  名 ⓪ ・ 主題，中心思想；中心旋律
取り締まり	取り締まり[とりしまり]  名 ⓪ ・ 監理，管制，取締
手厚い	手厚い[てあつい]  イ形 ③⓪ ・ 熱情的，（待遇）優厚的
収支	収支[しゅうし]  名 ① ・ 收支
就学	就学[しゅうがく]  名・自動3 ⓪ ・ 就學
就業	就業[しゅうぎょう]  名・自動3 ⓪ ・ 開始工作；就業
修飾	修飾[しゅうしょく]  名・他動3 ⓪ ・ 修飾，裝飾
終始	終始[しゅうし]  副・名・自動3 ① ・ 始終
習性	習性[しゅうせい]  名 ⓪ ・ （動物）習性；（人）習慣
住み着く	住み着く[すみつく]  自動1 ③⓪ ・ 定居，落戶
重複	重複[ちょうふく]  名・自動3 ⓪ ・ 重複
重要視	重要視[じゅうようし]  名・他動3 ③ ・ 重視
宿命	宿命[しゅくめい]  名 ⓪ ・ 宿命，命運
縮まる	縮まる[ちぢまる]  自動1 ⓪ ・ 縮，縮小，縮短
出品	出品[しゅっぴん]  名・自他動3 ⓪ ・ （在展覽會、展示會等）展出
初	初[はつ]  名・接頭 ② ・ 初次的
所得	所得[しょとく]  名 ⓪ ・ 所得，收入
書き取る	書き取る[かきとる]  他動1 ③⓪ ・ 照原文寫下來，記錄，聽寫
書き留める	書き留める[かきとめる]  他動2 ④⓪ ・ 寫下來
助言	助言[じょげん]  名・自他動3 ⓪ ・ 出主意，從旁教導
勝ち抜く	勝ち抜く[かちぬく]  自動1 ③⓪ ・ 一直競爭到取得最後勝利
勝ち負け	勝ち負け[かちまけ]  名 ①② ・ 輸贏，勝負
勝利	勝利[しょうり]  名・自動3 ① ・ 勝利，成功
奨励	奨励[しょうれい]  名・他動3 ⓪ ・ 鼓勵
少なからず	少なからず[すくなからず]  副 ④ ・ 不少，非常
昇進	昇進[しょうしん]  名・自動3 ⓪ ・ 晉升，晉級
賞味	賞味[しょうみ]  名・他動3 ① ・ 品味，品嚐
上	上[かみ]  名 ① ・ 上游；前半個……
上映	上映[じょうえい]  名・他動3 ⓪ ・ 上映，放映
乗り込む	乗り込む[のりこむ]  自動1 ③ ・ 搭乘，坐進；開進，進入；（氣勢洶洶地）進入，闖入
乗り切る	乗り切る[のりきる]  自動1 ③ ・ 乘⋯⋯越過；克服，度過
織物	織物[おりもの]  名 ⓪②③ ・ 織物
侵害	侵害[しんがい]  名・他動3 ⓪ ・ 侵害，侵犯
審査	審査[しんさ]  名・他動3 ① ・ 審查
心遣い	心遣い[こころづかい]  名 ④ ・ 關心，惦念
心構え	心構え[こころがまえ]  名 ④ ・ 思想準備，覺悟
心細い	心細い[こころぼそい]  イ形 ⑤ ・ 心裡沒底的，沒把握的
心得	心得[こころえ]  名 ③④ ・ 心得，體會；須知
心ない	心ない[こころない]  イ形 ④ ・ 考慮不周的；不為別人著想的；不解風情的
振り回す	振り回す[ふりまわす]  他動1 ④ ・ 揮舞；濫用；炫耀；（「振り回される」の形で）（被）任意擺佈
振るう	振るう[ふるう]  自他動1 ⓪ ・ 揮動；充分發揮；興旺
振る舞い	振る舞い[ふるまい]  名 ⓪③ ・ 動作，舉止；請客，招待
振興	振興[しんこう]  名・自他動3 ⓪ ・ 振興
新規	新規[しんき]  名・ナ形 ① ・ 新的，重新
新緑	新緑[しんりょく]  名 ⓪ ・ 新綠，嫩綠
真夏	真夏[まなつ]  名 ⓪ ・ 盛夏
診療	診療[しんりょう]  名・他動3 ⓪ ・ 診療，治療
辛抱	辛抱[しんぼう]  名・自他動3 ① ・ 忍耐
人員	人員[じんいん]  名 ⓪ ・ 人員
人脈	人脈[じんみゃく]  名 ⓪ ・ 人脈
人目	人目[ひとめ]  名 ⓪ ・ 他人的眼睛，世人的眼光
甚大	甚大[じんだい]  ナ形 ⓪ ・ 巨大，很大
図式	図式[ずしき]  名 ⓪ ・ 圖表
推移	推移[すいい]  名・自動3 ① ・ 時間流逝；發展，變遷
遂げる	遂げる[とげる]  他動2 ⓪② ・ 完成，達到；得到某種（非預期的）結果
随一	随一[ずいいち]  名 ① ・ 首屈一指，第一
世帯	世帯[せたい]  名 ①② ・ 家，戶，家庭
世論	世論[よろん]  名 ①⓪ ・ 社會輿論
成熟	成熟[せいじゅく]  名・自動3 ⓪ ・ （作物）成熟；（人）發育成熟；（時機）成熟
整然	整然[せいぜん]  形動トタル ⓪ ・ 井井有條，秩序井然
星座	星座[せいざ]  名 ⓪ ・ 星座
生育	生育[せいいく]  名・自他動3 ⓪ ・ 生長，繁殖，生育和撫養
生理	生理[せいり]  名 ① ・ 生理（現象）；月經
盛り込む	盛り込む[もりこむ]  他動1 ③ ・ 盛入；加入（內容、功能等）
声優	声優[せいゆう]  名 ⓪ ・ 配音演員
誠実	誠実[せいじつ]  名・ナ形 ⓪ ・ 誠實，真誠
青年	青年[せいねん]  名 ⓪ ・ 青年，年輕人
骨身を惜しまず	骨身を惜しまず[ほねみをおしまず]  成句 ・ 不辭辛勞
切り開く	切り開く[きりひらく]  他動1 ④⓪ ・ 開墾，開拓；殺開；開闢，開創
切り出す	切り出す[きりだす]  他動1 ③⓪ ・ 將木材或石頭切割後運出；開始說重要的事情
接触	接触[せっしょく]  名・自動3 ⓪ ・ 觸碰，接觸；交際，聯繫
絶つ	絶つ[たつ]  他動1 ① ・ 斷絕
千切れる	千切れる[ちぎれる]  自動2 ③ ・ 碎，破碎；被撕掉，被揪掉
洗面所	洗面所[せんめんじょ]  名 ⑤⓪ ・ 盥洗室；廁所，洗手間
繊維	繊維[せんい]  名 ① ・ 纖維
薦める	薦める[すすめる]  他動2 ⓪ ・ 推薦，推舉
素早い	素早い[すばやい]  イ形 ③ ・ 迅速的，敏捷的
装飾	装飾[そうしょく]  名・他動3 ⓪ ・ 裝飾，裝飾物
騒然	騒然[そうぜん]  形動トタル ⓪ ・ 騷亂，吵吵嚷嚷
息苦しい	息苦しい[いきぐるしい]  イ形 ⑤ ・ 呼吸困難的；苦悶，沉悶，令人窒息的
速やか	速やか[すみやか]  ナ形 ② ・ 快速的，迅速的
打ち出す	打ち出す[うちだす]  他動1 ③⓪ ・ 打出，射出；開始敲打；提出（主張）
体格	体格[たいかく]  名 ⓪ ・ 體格
対称	対称[たいしょう]  名 ⓪ ・ 對稱
対戦	対戦[たいせん]  名・自動3 ⓪ ・ 對戰，交鋒
待遇	待遇[たいぐう]  名・他動3 ⓪ ・ 對待，服務；待遇
態勢	態勢[たいせい]  名 ⓪ ・ 態勢，狀態，準備
退会	退会[たいかい]  名・自動3 ⓪ ・ 退會
大人げない	大人げない[おとなげない]  イ形 ⑤ ・ 不成熟的，幼稚的
大役	大役[たいやく]  名 ⓪ ・ 重大使命，艱鉅任務
炭	炭[すみ]  名 ② ・ 炭，木炭
値下げ	値下げ[ねさげ]  名・他動3 ⓪ ・ 減價，降價
地区	地区[ちく]  名 ①② ・ 地區，地域
地道	地道[じみち]  名・ナ形 ⓪ ・ 腳踏實地
中途半端	中途半端[ちゅうとはんぱ]  名・ナ形 ④ ・ 半途而廢，不明確，不徹底
忠告	忠告[ちゅうこく]  名・自他動3 ⓪ ・ 忠告，勸告
超〜	超〜[ちょう〜]  接頭 ・ 特別……；超……
超す	超す[こす]  自動1 ⓪ ・ 超過；超出
長生き	長生き[ながいき]  名・自動3 ④③ ・ 長壽，長生不老
長続き	長続き[ながつづき]  名・自動3 ③ ・ 持久，長久維持
直〜	直〜[じか〜]  名 ・ 直接……
追求	追求[ついきゅう]  名・他動3 ⓪ ・ 追求
程遠い	程遠い[ほどとおい]  イ形 ③⓪ ・ 很遠的；相距甚遠的
ほど近い	ほど近い[ほどちかい]  イ形 ④ ・ 不太遠的，比較近的
転回	転回[てんかい]  名・自他動3 ⓪ ・ 轉向，翻轉
都度	都度[つど]  名 ① ・ （前接連體修飾）每次，每當
倒産	倒産[とうさん]  名・自動3 ⓪ ・ 倒閉，破產
当店	当店[とうてん]  名 ① ・ 本店
当分	当分[とうぶん]  副 ⓪ ・ 暫時，目前
踏み切る	踏み切る[ふみきる]  自他動1 ③ ・ 起跳；下決心付諸實施
逃避	逃避[とうひ]  名・自動3 ⓪① ・ 躲避，逃避
匿名	匿名[とくめい]  名 ⓪ ・ 匿名
特産	特産[とくさん]  名 ⓪ ・ 特產
特有	特有[とくゆう]  名・ナ形 ⓪ ・ 特有
独自	独自[どくじ]  名・ナ形 ⓪① ・ 獨自；獨特
肉眼	肉眼[にくがん]  名 ⓪ ・ 肉眼
入浴	入浴[にゅうよく]  名・自動3 ⓪ ・ 沐浴
年配	年配[ねんぱい]  名 ⓪ ・ 大致的年齡；年齡大
念のため	念のため[ねんのため]  成句 ⓪⑤ ・ 保險起見
粘り強い	粘り強い[ねばりづよい]  イ形 ⑤ ・ 黏性大，Q彈；有毅力
派遣	派遣[はけん]  名・他動3 ⓪ ・ 派遣
拝借	拝借[はいしゃく]  名・他動3 ⓪ ・ （謙讓語）借
排除	排除[はいじょ]  名・他動3 ① ・ 排除，除掉
排水	排水[はいすい]  名・自他動3 ⓪ ・ 排水
剝がれる	剝がれる[はがれる]  自動2 ③ ・ 脫落，揭下
薄っぺら	薄っぺら[うすっぺら]  ナ形 ⓪ ・ 很薄；膚淺
迫力	迫力[はくりょく]  名 ②⓪ ・ 打動人心的力量，感染力
縛り付ける	縛り付ける[しばりつける]  他動2 ⑤ ・ 捆綁到某物上；束縛
発信	発信[はっしん]  名・自他動3 ⓪ ・ 發信，發報
抜き出す	抜き出す[ぬきだす]  他動1 ③ ・ 拔出，抽出；選出，選拔
判定	判定[はんてい]  名・他動3 ⓪ ・ 判定，作出評判
繁栄	繁栄[はんえい]  名・自動3 ⓪ ・ 繁榮
繁殖	繁殖[はんしょく]  名・自動3 ⓪ ・ 繁殖
披露	披露[ひろう]  名・他動3 ① ・ 披露，公佈，展示
非	非[ひ]  名・接頭 ① ・ 不……，沒有……；錯誤，缺點，不對，不好
漂う	漂う[ただよう]  自動1 ③ ・ 漂浮；充滿，瀰漫；徘徊
品種	品種[ひんしゅ]  名 ⓪ ・ 品種；種類
浜辺	浜辺[はまべ]  名 ⓪③ ・ 湖邊，海濱
貧困	貧困[ひんこん]  名・ナ形 ⓪ ・ 貧窮；貧乏
不確か	不確か[ふたしか]  ナ形 ② ・ 不確定，不確切
不確定	不確定[ふかくてい]  名・ナ形 ② ・ 不確定
不況	不況[ふきょう]  名 ⓪ ・ 經濟不景氣，蕭條
不景気	不景気[ふけいき]  名・ナ形 ② ・ 不景氣，經濟蕭條；愁眉不展，憂鬱
負	負[ふ]  名・造 ① ・ 負；負極；背負；輸
負傷	負傷[ふしょう]  名・自他動3 ⓪ ・ 負傷，受傷
風習	風習[ふうしゅう]  名 ⓪ ・ 風俗習慣
風土	風土[ふうど]  名 ① ・ 風土，水土
復旧	復旧[ふっきゅう]  名・自他動3 ⓪ ・ 復原，恢復原狀
幅広い	幅広い[はばひろい]  イ形 ④ ・ 寬的；廣泛的
紛失	紛失[ふんしつ]  名・自他動3 ⓪ ・ 遺失
紛争	紛争[ふんそう]  名・自動3 ⓪ ・ 紛爭，糾紛
閉口	閉口[へいこう]  名・自動3 ⓪ ・ 受不了，難以應付
閉鎖	閉鎖[へいさ]  名・他動3 ⓪ ・ 關閉，封鎖
変革	変革[へんかく]  名・自他動3 ⓪ ・ 變革，改革
変動	変動[へんどう]  名・自動3 ⓪ ・ 變動，動盪
片側	片側[かたがわ]  名 ⓪ ・ 單側，一側
弁論	弁論[べんろん]  名・自他動3 ⓪ ・ 辯論；辯護
保管	保管[ほかん]  名・他動3 ⓪ ・ 保管
保守的	保守的[ほしゅてき]  ナ形 ⓪ ・ 保守的
母国	母国[ぼこく]  名 ① ・ 祖國
豊作	豊作[ほうさく]  名 ⓪ ・ 豐收
膨れる	膨れる[ふくれる]  自動2 ⓪ ・ 膨脹，鼓起；不高興
膨れ上がる	膨れ上がる[ふくれあがる]  自動1 ⑤ ・ 超出；腫脹
無意味	無意味[むいみ]  名・ナ形 ② ・ 無意義，無價值，白費
無邪気	無邪気[むじゃき]  名・ナ形 ① ・ 天真爛漫，單純
綿密	綿密[めんみつ]  名・ナ形 ⓪ ・ 細緻，周密
目撃	目撃[もくげき]  名・他動3 ⓪ ・ 目擊，親眼看到
役職	役職[やくしょく]  名 ⓪ ・ 管理職，要職；（泛指）職責，職務
癒やす	癒やす[いやす]  他動1 ② ・ 醫治，解除（疲勞、痛苦等）
雄	雄[おす]  名 ② ・ 雄，公，牡
様式	様式[ようしき]  名 ⓪ ・ 樣式，方式；一定的形式，格式；風格，格調
洋風	洋風[ようふう]  名 ⓪ ・ 西式
要望	要望[ようぼう]  名・他動3 ⓪ ・ 要求，強烈希望
立ち去る	立ち去る[たちさる]  自動1 ⓪③ ・ 站起身離開
立ち直る	立ち直る[たちなおる]  自動1 ⓪④ ・ 恢復，復原；（經濟）好轉
立ち入り	立ち入り[たちいり]  名 ⓪ ・ 進入
流出	流出[りゅうしゅつ]  名・自動3 ⓪ ・ 流出；外流
良質	良質[りょうしつ]  名・ナ形 ⓪ ・ 優質，品質好的
類似	類似[るいじ]  名・自動3 ⓪ ・ 類似，相似
励ます	励ます[はげます]  他動1 ③ ・ 鼓勵，激勵，勉勵
励み	励み[はげみ]  名 ③ ・ 勤奮，努力；勉勵，鼓舞
恋する	恋する[こいする]  自他動3 ③① ・ 戀愛，喜愛
朗読	朗読[ろうどく]  名・他動3 ⓪ ・ 朗讀，朗誦
浪費	浪費[ろうひ]  名・他動3 ⓪① ・ 浪費，糟蹋
老舗	老舗[しにせ]  名 ⓪ ・ 老店，老字號
とどまる	とどまる  自動1 ③ ・ （留）停，停留；（止）止於，限於
あたかも	あたかも  副 ① ・ （多く、下に「～のようだ・～のごとし」などを伴って）宛如；正好（那時）
あっけない	あっけない  イ形 ④ ・ 太簡單，不盡興
あっさり	あっさり  副・自動3 ③ ・ 清淡；樸素；（性格）爽快；簡單
斡旋[あっせん]	斡旋[あっせん][あっせん]  名・他動3 ⓪ ・ 介紹，斡旋；斡旋，居中調解
ありふれる	ありふれる  自動2 ⓪④ ・ 常有，司空見慣
いたわる	いたわる  他動1 ③ ・ 憐卹，體貼；慰勞
うっとうしい	うっとうしい  イ形 ⑤ ・ 鬱悶的，陰鬱的；煩人的，礙眼的
うんざり	うんざり  副・自動3 ③ ・ 厭倦，厭煩
エレガント	エレガント  ナ形 ① ・ 優雅，雅緻
おびえる	おびえる  自動2 ⓪ ・ 膽怯，恐懼
おびただしい	おびただしい  イ形 ⑤ ・ 大量，浩瀚；非常，很
おろそか	おろそか  ナ形 ② ・ 敷衍，馬虎
お手上げ	お手上げ[おてあげ]  名 ⓪ ・ 束手無策
かき回す	かき回す[かきまわす]  他動1 ⓪④ ・ 攪拌；攪亂
嵩張[かさば]る	嵩張[かさば]る[かさばる]  自動1 ③ ・ 體積大，佔地方
かさむ	かさむ  自動1 ⓪② ・ （數量）增多；（體積）增大
がっちり	がっちり  副・自動3 ③ ・ （物體）堅固，（身體）健壯；精明，用錢仔細
キーワード	キーワード  名 ③ ・ 關鍵字
きっかり	きっかり  副 ③ ・ （時間、數量）整，正好
きっちり	きっちり  副 ③ ・ 沒有空隙；正好；好好地
キャラクター	キャラクター  名 ①②⓪ ・ 個性；人物
くくる	くくる  他動1 ⓪ ・ 捆綁；總結
ぐずぐず	ぐずぐず  副・自動3 ① ・ 磨磨蹭蹭；抱怨；鬆鬆垮垮
クレーン	クレーン  名 ② ・ 起重機
けなす	けなす  他動1 ⓪ ・ 貶低，詆毀
こじれる	こじれる  自動2 ③ ・ （事態）複雜化，惡化；病情惡化
ことごとく	ことごとく  副・名 ③ ・ 所有，全部
ごまかす	ごまかす  他動1 ③ ・ 隱瞞，敷衍；弄虛作假
コンタクトレンズ	コンタクトレンズ  名 ⑥ ・ 隱形眼鏡
コントラスト	コントラスト  名 ①④ ・ 對比，對照
サイクル	サイクル  名 ① ・ 週期，循環；自行車
冴[さ]える	冴[さ]える[さえる]  自動2 ② ・ 冷峭；清澈；（頭腦）清醒；精巧，靈敏
さほど	さほど  副 ⓪ ・ （不）那麼，（不）怎麼
シェア	シェア  他動3・名 ① ・ 共享；市場佔有率
しくじる	しくじる  他動1 ③ ・ 失敗；因過失而失去工作或地位
しなやか	しなやか  ナ形 ② ・ 柔軟，柔韌；柔美，優美
シナリオ	シナリオ  名 ⓪ ・ 腳本，劇本
しのぐ	しのぐ  自他動1 ② ・ 抵禦，忍耐；超過，勝過
シビア	シビア  ナ形 ②① ・ 嚴厲，毫不留情
しぶとい	しぶとい  イ形 ③ ・ 即使身處逆境也不氣餒，頑強
しょっちゅう	しょっちゅう  副 ① ・ 經常，總是
すがすがしい	すがすがしい  イ形 ⑤ ・ 清新舒暢，清爽
スキャンダル	スキャンダル  名 ② ・ 醜聞
スタジオ	スタジオ  名 ⓪ ・ 攝影棚，錄音室；演播室，播音室；（舞蹈、戲劇等）練習室；藝術家工作室
スタミナ	スタミナ  名 ⓪ ・ 精力，體力，耐力
ずばり	ずばり  副 ② ・ 直言不諱，一針見血
スポットライト	スポットライト  名 ⑤ ・ 聚光燈；公眾矚目的焦點
すんなり	すんなり  副・自動3 ③ ・ 纖細，柔美；容易，順利
ゼリー	ゼリー  名 ① ・ 果凍；吉利丁，明膠
そびえる	そびえる  自動2 ③ ・ 矗立，聳立
それゆえ	それゆえ  接 ⓪ ・ 所以，因此
そわそわ	そわそわ  副・自動3 ① ・ 心慌，不鎮靜
ぞんざい	ぞんざい  ナ形 ③⓪ ・ 潦草，馬虎；粗魯，無禮
たやすい	たやすい  イ形 ③⓪ ・ 容易，輕易
チームワーク	チームワーク  名 ④ ・ 合作
ちらっと	ちらっと  副 ② ・ 一晃，一閃；略微聽到
綴[つづ]る	綴[つづ]る[つづる]  他動1 ②⓪ ・ （用線）裝訂，縫上；寫，作；拼寫
てきぱき	てきぱき  副・自動3 ① ・ 靈巧，爽快，俐落，乾脆
てっきり	てっきり  副 ③ ・ （認為）一定（其實不然）
トーン	トーン  名 ① ・ 音調；色調
とっさ	とっさ  名 ⓪ ・ 瞬間，猛然
ドライバー	ドライバー  名 ②⓪ ・ 司機；螺絲刀；驅動程式
なおさら	なおさら  副 ⓪ ・ 更加，越發
なだめる	なだめる  他動2 ③ ・ 使平靜，安撫
ナプキン	ナプキン  名 ① ・ 餐巾；衛生棉
なれなれしい	なれなれしい  イ形 ⑤ ・ （明明關係沒有特別親近，卻毫不顧忌地表現出親密的樣子）狎昵
にぎわう	にぎわう  自動1 ③ ・ 熱鬧，興盛
にじむ	にじむ  自動1 ② ・ 滲，滲出；模糊；反映出，流露出
ニュアンス	ニュアンス  名 ① ・ 語氣，語感；微妙的感覺
ねた	ねた  名 ⓪ ・ （壽司等的）材料；證據；新聞報導的材料；魔術的道具
ねだる	ねだる  他動1 ②⓪ ・ 纏著要，賴著請求
ノウハウ	ノウハウ  名 ① ・ 技術竅門，技術秘訣
のどか	のどか  ナ形 ① ・ 恬靜，和煦
パーマ	パーマ  名 ① ・ 燙髮
はかない	はかない  イ形 ③ ・ 短暫的，無常的；虛幻的，不可靠的
はしゃぐ	はしゃぐ  自動1 ②⓪ ・ （開心地）喧鬧；乾燥
馳[は]せる	馳[は]せる[はせる]  自他動2 ② ・ 驅車，策馬；馳名
バッジ	バッジ  名 ①⓪ ・ 徽章，紀念章
ばてる	ばてる  自動2 ② ・ 筋疲力盡
バブル	バブル  名 ① ・ 泡沫
はらむ	はらむ  自他動1 ② ・ 懷孕；孕育
ハンガー	ハンガー  名 ① ・ 衣架
ひそか	ひそか  ナ形 ②① ・ 暗中，偷偷
ヒット	ヒット  名・自動3 ① ・ （棒球的）安打；大受歡迎
日なた	日なた[ひなた]  名 ⓪ ・ 向陽處
ひんやり	ひんやり  副・自動3 ③ ・ 陰涼，涼爽
フィルター	フィルター  名 ⓪① ・ 過濾器；濾鏡
ペア	ペア  名 ① ・ 一雙，一對
茫[ぼう]然	茫[ぼう]然[ぼうぜん]  形動トタル ⓪ ・ 茫然；發呆
呆[ぼう]然	呆[ぼう]然[ぼうぜん]  形動トタル ⓪ ・ 愕然，吃驚，目瞪口呆
ぼける	ぼける  自動2 ② ・ （頭腦）遲鈍
ポジション	ポジション  名 ② ・ 地位，職位；（防守）位置
ぼやく	ぼやく  自他動1 ② ・ 發牢騷
ぼやける	ぼやける  自動2 ③ ・ 模糊
まちまち	まちまち  名・ナ形 ②⓪ ・ 形形色色。各不相同
まばら	まばら  ナ形 ⓪ ・ 稀疏，零星
むなしい	むなしい  イ形 ③⓪ ・ 空洞的；徒然的；變幻無常的
めきめき	めきめき  副 ① ・ （提高）顯著，迅速
めど	めど  名 ① ・ 目標，頭緒
メロディー	メロディー  名 ① ・ 旋律，曲調
もがく	もがく  自動1 ② ・ 掙扎；焦急
もくろむ	もくろむ  他動1 ③ ・ 規劃，圖謀
もどかしい	もどかしい  イ形 ④ ・ 心急如焚的，令人不耐煩的
モニター	モニター  名 ①⓪ ・ 監視器；顯示器，螢幕；評論員①
もめる	もめる  自動2 ⓪ ・ 發生爭執；心神不定
もろい	もろい  イ形 ② ・ 脆的；脆弱的
やたら	やたら  副・ナ形 ⓪ ・ 胡亂，隨便，任意
ややこしい	ややこしい  イ形 ④ ・ 麻煩的，複雜的，難辦的
やりくり	やりくり  名・他動3 ② ・ 設法安排，籌劃，籌措
やんわり	やんわり  副 ③ ・ 柔軟地；委婉地
ユーザー	ユーザー  名 ①⓪ ・ 使用者
ゆがめる	ゆがめる  他動2 ③⓪ ・ 使彎曲變形；扭曲
ゆとり	ゆとり  名 ⓪ ・ （空間、時間、經濟、精神上）寬裕，餘裕
横ばい	横ばい[よこばい]  名 ⓪ ・ 橫著爬；（經濟）沒有浮動，持平
善し 悪[あ]し	善し 悪[あ]し  名 ①② ・ 好壞，善惡；有好也有壞，有利也有弊
よそ見	よそ見[よそみ]  名・自動3 ②③ ・ 斜視，往旁處看
よみがえる	よみがえる  自動1 ③⓪ ・ 復活；恢復
ランク	ランク  他動3・名 ① ・ （排）次序
ランプ	ランプ  名 ① ・ 煤油燈；電燈
リード	リード  他動3・名 ① ・ 領導；領先
ルーズ	ルーズ  ナ形 ① ・ 鬆懈，懶散
ルート	ルート  名 ① ・ 路線；途徑
レイアウト	レイアウト  他動3・名 ③ ・ 版面設計；配置，佈局
レバー	レバー  名 ① ・ 控制桿，操縱桿
ろくに	ろくに  副 ⓪ ・ （不）像樣，（不）令人滿意
愛顧	愛顧[あいこ]  名・他動3 ① ・ 光顧，惠顧
愛想	愛想[あいそ]  名 ③ ・ 親切，和藹；招待，款待
悪人	悪人[あくにん]  名 ⓪ ・ 壞人
圧迫	圧迫[あっぱく]  名・他動3 ⓪ ・ 壓迫，壓制
圧力	圧力[あつりょく]  名 ② ・ 壓力
安っぽい	安っぽい[やすっぽい]  イ形 ④ ・ 廉價的；庸俗的，讓人瞧不起的
暗示	暗示[あんじ]  名・他動3 ⓪ ・ 提示，暗示
案じる	案じる[あんじる]  他動2 ③⓪ ・ 擔心，掛念；思考，想出
依存	依存[いそん]  名・自他動3 ⓪ ・ 依靠，依存
偉業	偉業[いぎょう]  名 ⓪ ・ 偉業
委ねる	委ねる[ゆだねる]  他動2 ③ ・ 委託；委身
委託	委託[いたく]  名・他動3 ⓪ ・ 委託
意気	意気[いき]  名 ① ・ 意氣，精神，氣勢
意気込む	意気込む[いきごむ]  自動1 ③ ・ 振奮，鼓起幹勁
意向	意向[いこう]  名 ⓪ ・ 意向，打算
異議	異議[いぎ]  名 ① ・ 異議
異動	異動[いどう]  名・自他動3 ⓪ ・ （職位或職務等）變動，調動
遺跡	遺跡[いせき]  名 ⓪ ・ 遺址，遺跡
一概に	一概に[いちがいに]  副 ⓪② ・ （不能）一概
一貫	一貫[いっかん]  名・自他動3 ⓪ ・ 一貫
一筋	一筋[ひとすじ]  ナ形・名 ② ・ 一條，一根；一心一意
一昔	一昔[ひとむかし]  名 ②③ ・ 往昔，昔日，過去
一息	一息[ひといき]  名 ② ・ 一次呼吸；歇口氣；一口氣；（稍加）一把勁
一途	一途[いちず]  名・ナ形 ② ・ 專心，一心一意
一目	一目[いちもく]  名・他動3 ⓪② ・ 一看，一眼
一覧	一覧[いちらん]  他動3・名 ⓪ ・ 一覽；一覽表
一律	一律[いちりつ]  名・ナ形 ⓪ ・ 一律，一樣
一連	一連[いちれん]  名 ⓪ ・ 一系列，一連串
逸材	逸材[いつざい]  名 ⓪ ・ 卓越的人才，卓越的才能
引きずる	引きずる[ひきずる]  他動1 ⓪ ・ 拖著走；強行拖走；拖延；忘不掉
引き付ける	引き付ける[ひきつける]  他動2 ④ ・ 吸引；（「惹き付ける」とも）誘惑
雨水	雨水[あまみず]  名 ② ・ 雨水
渦	渦[うず]  名 ① ・ 漩渦；混亂狀態
運搬	運搬[うんぱん]  名・他動3 ⓪ ・ 搬運，運輸
運用	運用[うんよう]  名・他動3 ⓪ ・ 運用，活用
営む	営む[いとなむ]  他動1 ③ ・ 經營；營生；營，辦；營造，建造
映える	映える[はえる]  自動2 ② ・ 映照，閃耀；顯眼，奪目
栄える	栄える[さかえる]  自動2 ③② ・ 繁榮，興旺
演出	演出[えんしゅつ]  名・他動3 ⓪ ・ 導演；組織，安排
汚職	汚職[おしょく]  名 ⓪ ・ 貪污，瀆職
押し寄せる	押し寄せる[おしよせる]  自他動2 ④ ・ 湧上來，蜂擁而至；推到一旁
押し切る	押し切る[おしきる]  他動1 ③ ・ 壓著切斷；不顧困難而行，堅持到底
横顔	横顔[よこがお]  名 ⓪ ・ 側臉；人物簡介
屋敷	屋敷[やしき]  名 ③ ・ 房屋及房產；宅邸
温和	温和[おんわ]  名・ナ形 ⓪ ・ （氣候）溫暖，溫和；（性格）溫和，穩重
下地	下地[したじ]  名 ⓪ ・ 基礎；底子；資質，素質
化ける	化ける[ばける]  自動2 ② ・ 化，變；喬裝，化妝；完全變成其他東西
化石	化石[かせき]  名・自動3 ⓪ ・ 化石；（比喻）變成石頭似的
仮説	仮説[かせつ]  名 ⓪ ・ 假說，假設
何げない	何げない[なにげない]  イ形 ④ ・ 無意，不經意，若無其事
何とぞ	何とぞ[なにとぞ]  副 ⓪ ・ 請，務必
加入	加入[かにゅう]  名・自動3 ⓪ ・ 加入，參加（團體或組織等）
加味	加味[かみ]  名・他動3 ① ・ 加佐料；加進，放進，摻加
果て	果て[はて]  名 ② ・ 盡頭；最後，結局
果てる	果てる[はてる]  自動2 ② ・ 終，完畢；死；……得要死
河川	河川[かせん]  名 ① ・ 河
箇条書き	箇条書き[かじょうがき]  名 ⓪ ・ 分條寫
花びら	花びら[はなびら]  名 ③⓪ ・ 花瓣
荷造り	荷造り[にづくり]  名・自他動3 ② ・ 打包
華やか	華やか[はなやか]  ナ形 ② ・ 華麗；輝煌
過ち	過ち[あやまち]  名 ③⓪④ ・ 錯誤，過失
過密	過密[かみつ]  名・ナ形 ⓪ ・ 過於密集
画期的	画期的[かっきてき]  ナ形 ⓪ ・ 劃時代的
介入	介入[かいにゅう]  名・自動3 ⓪ ・ 介入，干涉
解除	解除[かいじょ]  名・他動3 ① ・ 解除
懐く	懐く[なつく]  自動1 ② ・ 接近，親近，馴服
改定	改定[かいてい]  名・他動3 ⓪ ・ 修改，重新規定
海辺	海辺[うみべ]  名 ③⓪ ・ 海邊，海濱
開拓	開拓[かいたく]  名・他動3 ⓪ ・ 開墾；開拓
階層	階層[かいそう]  名 ⓪ ・ 階層
害虫	害虫[がいちゅう]  名 ⓪ ・ 害蟲
街頭	街頭[がいとう]  名 ⓪ ・ 街頭
該当	該当[がいとう]  名・自動3 ⓪ ・ 符合
拡散	拡散[かくさん]  名・自他動3 ⓪ ・ 擴散
革新	革新[かくしん]  名・他動3 ⓪ ・ 革新
楽譜	楽譜[がくふ]  名 ⓪ ・ 樂譜
割り当てる	割り当てる[わりあてる]  他動2 ④ ・ 分配，分攤
活性化	活性化[かっせいか]  名・自他動3 ⓪ ・ 激活，搞活；（生化）活化
滑稽	滑稽[こっけい]  名・ナ形 ⓪ ・ 滑稽
勘弁	勘弁[かんべん]  名・他動3 ① ・ 饒恕，容忍
寛容	寛容[かんよう]  ナ形・他動3・名 ⓪ ・ 寬恕，寬容
感慨	感慨[かんがい]  名 ⓪ ・ 感慨
感触	感触[かんしょく]  名 ⓪ ・ 觸感；感覺
慣らす	慣らす[ならす]  他動1 ② ・ 使習慣，使適應；（馴らす）使動物親近人類
慣習	慣習[かんしゅう]  名 ⓪ ・ 習慣，習俗
甘える	甘える[あまえる]  自動2 ⓪ ・ 撒嬌；承蒙，利用……的機會
簡素	簡素[かんそ]  名・ナ形 ① ・ 簡單，簡樸
緩む	緩む[ゆるむ]  自動1 ② ・ 鬆弛；疏忽；緩和
緩める	緩める[ゆるめる]  他動2 ③ ・ 放鬆；放慢；疏忽
緩和	緩和[かんわ]  名・自他動3 ⓪ ・ 緩和，紓解
肝	肝[きも]  名 ② ・ 五臟六腑；肝臟；膽量；要點
貫く	貫く[つらぬく]  自他動1 ③ ・ 貫通；貫徹
還元	還元[かんげん]  名・自他動3 ⓪ ・ 還原，復原，歸還；（化學）還原
間際	間際[まぎわ]  名 ① ・ 正要做某事的時候
間柄	間柄[あいだがら]  名 ⓪ ・ （人與人的）關係
陥る	陥る[おちいる]  自動1 ⓪③ ・ 落入；陷入
眼差し	眼差し[まなざし]  名 ⓪④ ・ 目光，眼神
危ぶむ	危ぶむ[あやぶむ]  他動1 ③ ・ 擔心會出現不好的結果，覺得危險，感到擔憂
器	器[うつわ]  名 ⓪ ・ 容器；才幹，人才
寄贈	寄贈[きぞう]  名・他動3 ⓪ ・ 贈予，捐贈
寄与	寄与[きよ]  名・自動3 ① ・ 貢獻
幾多	幾多[いくた]  名・副 ① ・ 許多
機構	機構[きこう]  名 ⓪ ・ 機構，組織；構造，結構
気まぐれ	気まぐれ[きまぐれ]  名・ナ形 ⓪ ・ 心血來潮，任性；反覆無常，變化無常
気質	気質[きしつ]  名 ⓪ ・ 氣質，性情
規格	規格[きかく]  名 ⓪ ・ 規格
規制	規制[きせい]  名・他動3 ⓪ ・ 限制，規定
規範	規範[きはん]  名 ⓪ ・ 規範，標準
規約	規約[きやく]  名 ⓪ ・ 規章，章程
記載	記載[きさい]  名・他動3 ⓪ ・ 記載，刊載
記述	記述[きじゅつ]  名・他動3 ⓪ ・ 記述
記名	記名[きめい]  名・自他動3 ⓪ ・ 記名，寫上姓名
起源	起源[きげん]  名 ① ・ 起源
起伏	起伏[きふく]  名・自動3 ⓪ ・ 起伏；跌宕
軌道	軌道[きどう]  名 ⓪ ・ 軌道
偽造	偽造[ぎぞう]  名・他動3 ⓪ ・ 偽造
技能	技能[ぎのう]  名 ① ・ 技能，本領
欺く	欺く[あざむく]  他動1 ③ ・ 欺騙；勝似
犠牲	犠牲[ぎせい]  名 ⓪ ・ 犧牲；受害者
脚色	脚色[きゃくしょく]  名・他動3 ⓪ ・ 改編成戲劇或電影；誇張
脚本	脚本[きゃくほん]  名 ⓪ ・ 腳本，劇本
丘陵	丘陵[きゅうりょう]  名 ⓪ ・ 丘陵
吸い上げる	吸い上げる[すいあげる]  他動2 ④ ・ 抽上來；榨取（他人利益）；聽取（一般民眾的）意見
せかす	せかす  他動1 ② ・ 催促
究極	究極[きゅうきょく]  名・自動3 ⓪ ・ 究竟，最終
窮屈	窮屈[きゅうくつ]  名・ナ形 ① ・ 狹小；拘束；僵硬
拒絶	拒絶[きょぜつ]  名・他動3 ⓪ ・ 拒絕
拠点	拠点[きょてん]  名 ⓪ ・ 基地，據點
許容	許容[きょよう]  名・他動3 ⓪ ・ 容許，接受
享受	享受[きょうじゅ]  名・他動3 ① ・ 享受
共存	共存[きょうそん]  名・自動3 ⓪ ・ 共存
凶作	凶作[きょうさく]  名 ⓪ ・ 歉收
協調	協調[きょうちょう]  名・自動3 ⓪ ・ 利害或立場不同的人互相讓步，彼此合作
強いて	強いて[しいて]  副 ① ・ 強迫，硬要
強いる	強いる[しいる]  他動2 ② ・ 強迫
強硬	強硬[きょうこう]  名・ナ形 ⓪ ・ 強硬
強制	強制[きょうせい]  名・他動3 ⓪ ・ 強制，強迫
橋渡し	橋渡し[はしわたし]  名・自他動3 ③⓪ ・ 架橋；牽線搭橋
脅す	脅す[おどす]  他動1 ⓪ ・ 威脅，恐嚇
郷土	郷土[きょうど]  名 ① ・ 鄉土，故鄉；鄉間
郷里	郷里[きょうり]  名 ① ・ 故鄉，老家
仰ぐ	仰ぐ[あおぐ]  他動1 ② ・ 仰視；尊為，推為；請求；飲，服
凝らす	凝らす[こらす]  他動1 ② ・ 集中，一心鑽研
業界	業界[ぎょうかい]  名 ⓪ ・ 業界
業者	業者[ぎょうしゃ]  名 ① ・ 工商業者，專業公司；同業者
極まる	極まる[きわまる]  自動1 ③ ・ 窮盡，極端；（前接形容動詞）極致，極限
勤まる	勤まる[つとまる]  自動1 ③ ・ 能勝任，能完成
均等	均等[きんとう]  ナ形・名 ⓪ ・ 均等
禁物	禁物[きんもつ]  名 ⓪ ・ 忌諱；切忌
近郊	近郊[きんこう]  名 ⓪ ・ 近郊，郊區
近隣	近隣[きんりん]  名 ⓪ ・ 近鄰，鄰近
金 槌[づち]	金 槌[づち]  名 ③⓪ ・ 鐵鎚；（すぐ水に沈むことから）不會游泳的人
吟味	吟味[ぎんみ]  名・他動3 ①③ ・ 斟酌，仔細挑選
愚か	愚か[おろか]  ナ形 ① ・ 愚蠢
群衆	群衆[ぐんしゅう]  名 ⓪ ・ 群眾
傾斜	傾斜[けいしゃ]  名・自動3 ⓪ ・ 傾斜；傾向
形態	形態[けいたい]  名 ⓪ ・ 形態
掲げる	掲げる[かかげる]  他動2 ⓪③ ・ 懸掛，高舉；提出；刊登
経歴	経歴[けいれき]  名 ⓪ ・ 經歷，履歷
経路	経路[けいろ]  名 ① ・ 途徑，路線
警戒	警戒[けいかい]  名・他動3 ⓪ ・ 警戒，防範
軽快	軽快[けいかい]  ナ形・名・自動3 ⓪ ・ 輕快；輕鬆愉快
軽減	軽減[けいげん]  名・自他動3 ⓪ ・ 減輕
軽率	軽率[けいそつ]  名・ナ形 ⓪ ・ 輕率，草率
劇団	劇団[げきだん]  名 ⓪ ・ 劇團，劇院
激減	激減[げきげん]  名・自動3 ⓪ ・ 急劇減少
欠如	欠如[けつじょ]  名・自動3 ① ・ 缺乏，缺少
決算	決算[けっさん]  名・自動3 ① ・ 結帳，結算
潔い	潔い[いさぎよい]  イ形 ④ ・ 果斷，痛快
結合	結合[けつごう]  名・自他動3 ⓪ ・ 結合，連接
結成	結成[けっせい]  名・他動3 ⓪ ・ 結成，組成
結束	結束[けっそく]  名・自他動3 ⓪ ・ 團結；捆紮
月謝	月謝[げっしゃ]  名 ⓪ ・ 每個月的學費
堅実	堅実[けんじつ]  名・ナ形 ⓪ ・ 牢靠，穩健
権威	権威[けんい]  名 ① ・ 權威，權勢；權威，泰斗
権限	権限[けんげん]  名 ③ ・ 權限；職權範圍
研ぐ	研ぐ[とぐ]  他動1 ① ・ 磨（刀）；淘（米）
見合わせる	見合わせる[みあわせる]  他動2 ④⓪ ・ 互相看；互相比較，對照；暫緩
見習う	見習う[みならう]  他動1 ⓪③ ・ 學習，模仿
見どころ	見どころ[みどころ]  名 ⓪ ・ 值得一看的地方；前程
見地	見地[けんち]  名 ① ・ 見地，觀點，角度
見当たる	見当たる[みあたる]  自動1 ⓪③ ・ 看（不）到，找（不）到
見落とす	見落とす[みおとす]  他動1 ⓪③ ・ 看漏，忽略
賢明	賢明[けんめい]  ナ形 ⓪ ・ 賢明，明智
顕著	顕著[けんちょ]  ナ形・名 ① ・ 顯著，明顯
元来	元来[がんらい]  副 ① ・ 原來，原本
原型	原型[げんけい]  名 ⓪ ・ 原型，模型
厳か	厳か[おごそか]  ナ形 ② ・ 莊嚴，肅穆，鄭重
厳密	厳密[げんみつ]  ナ形 ⓪ ・ 嚴格，嚴密
言い張る	言い張る[いいはる]  他動1 ③ ・ 堅決主張，固執己見
呼び起こす	呼び起こす[よびおこす]  他動1 ④ ・ 叫醒；喚醒
固有	固有[こゆう]  名・ナ形 ⓪ ・ 固有，特有
孤立	孤立[こりつ]  名・自動3 ⓪ ・ 孤立
戸惑い	戸惑い[とまどい]  名 ③⓪ ・ 困惑，不知所措
誇張	誇張[こちょう]  名・他動3 ⓪ ・ 誇張，誇大
悟る	悟る[さとる]  他動1 ⓪② ・ 領悟，察覺
誤差	誤差[ごさ]  名 ① ・ 誤差；差錯
交える	交える[まじえる]  他動2 ③ ・ 摻雜；交叉；交換
交易	交易[こうえき]  名・自他動3 ⓪ ・ 交易，貿易
交互	交互[こうご]  名 ① ・ 互相，交替
交付	交付[こうふ]  名・他動3 ①⓪ ・ 交付，發給，頒發
口コミ	口コミ[くちコミ]  名 ⓪ ・ 口頭傳播，街談巷議
口頭	口頭[こうとう]  名 ⓪ ・ 口頭
巧み	巧み[たくみ]  ナ形・名 ⓪① ・ 巧妙；技巧
巧妙	巧妙[こうみょう]  ナ形・名 ⓪ ・ 巧妙
広報	広報[こうほう]  名 ① ・ 宣傳，報導
拘束	拘束[こうそく]  名・他動3 ⓪ ・ 拘留；束縛，限制
控える	控える[ひかえる]  自他動2 ③② ・ 等候；節制；記下；臨近
構える	構える[かまえる]  自他動2 ③ ・ 修建，建造；擺出（某種態度或姿勢）
荒っぽい	荒っぽい[あらっぽい]  イ形 ⓪④ ・ （荒）粗暴的，粗魯的；（粗）粗糙的
購買	購買[こうばい]  名・他動3 ⓪ ・ 購買
高原	高原[こうげん]  名 ⓪ ・ 高原
高低	高低[こうてい]  名・自動3 ⓪① ・ 高低；起伏，上下
合意	合意[ごうい]  名・自動3 ①⓪ ・ 雙方意見一致
合成	合成[ごうせい]  名・他動3 ⓪ ・ 合成
合致	合致[がっち]  名・自動3 ⓪ ・ 一致，合乎，符合
合併	合併[がっぺい]  名・自他動3 ⓪ ・ 合併
告げる	告げる[つげる]  他動2 ⓪ ・ （口頭）告知；宣告（結束）
告白	告白[こくはく]  名・他動3 ⓪ ・ 坦白，交代，告白
今更	今更[いまさら]  副 ⓪ ・ 事到如今；現在重新
根底	根底[こんてい]  名 ⓪ ・ 根本，基礎
魂	魂[たましい]  名 ① ・ 靈魂；精力
差額	差額[さがく]  名 ⓪ ・ 差額
砂利	砂利[じゃり]  名 ⓪ ・ 小石頭，沙礫
座談会	座談会[ざだんかい]  名 ② ・ 座談會
再現	再現[さいげん]  名・自他動3 ⓪ ・ 再現，模擬
採算	採算[さいさん]  名 ⓪ ・ （收支的）核算
細やか	細やか[こまやか]  ナ形 ② ・ 周到，細緻；細膩，深厚
細胞	細胞[さいぼう]  名 ⓪ ・ 細胞
裁く	裁く[さばく]  他動1 ② ・ （根據法律）審判，裁判
財政	財政[ざいせい]  名 ⓪ ・ 財政；經濟情況
作戦	作戦[さくせん]  名 ⓪ ・ 策略；作戰行動
殺到	殺到[さっとう]  名・自動3 ⓪ ・ 蜂擁而至
雑	雑[ざつ]  ナ形 ⓪ ・ 糙；不拘小節；雜亂無章
山岳	山岳[さんがく]  名 ⓪ ・ 山岳
賛美	賛美[さんび]  名・他動3 ① ・ 讚美
斬新	斬新[ざんしん]  ナ形 ⓪ ・ 嶄新，新穎
仕える	仕える[つかえる]  自動2 ③⓪ ・ 服侍；任職
仕上がり	仕上がり[しあがり]  名 ⓪ ・ 完成（的結果）
仕切る	仕切る[しきる]  他動1 ② ・ 隔開；掌管，主持
司る	司る[つかさどる]  他動1 ④ ・ 主管，負責（職務、任務等）；掌管，支配
始末	始末[しまつ]  名・他動3 ① ・ （事情的）始末；（壞的）結果；處理
志	志[こころざし]  名 ⓪⑤ ・ 志向；盛情；表示好意或謝意的禮物
志す	志す[こころざす]  自他動1 ④ ・ 立志，以……為目標
志向	志向[しこう]  名・他動3 ⓪ ・ 志向，意向
思いやる	思いやる[おもいやる]  他動1 ④⓪ ・ 體諒，同情；遙想，掛念
指揮	指揮[しき]  名・他動3 ②① ・ 指揮，領導
私物	私物[しぶつ]  名 ⓪ ・ 私人物品
試みる	試みる[こころみる]  他動2 ④ ・ 試著
雌	雌[めす]  名 ② ・ 雌，牝，母
似通う	似通う[にかよう]  自動1 ③ ・ 相仿，相似
侍	侍[さむらい]  名 ⓪ ・ 武士；有骨氣的人
時折	時折[ときおり]  副 ⓪ ・ 有時，偶爾，時而
次元	次元[じげん]  名 ⓪ ・ （數學）維度；層次，立場
示唆	示唆[しさ]  名・他動3 ① ・ 暗示，啟示
自在	自在[じざい]  名・ナ形 ⓪ ・ 自如，自在
自尊心	自尊心[じそんしん]  名 ② ・ 自尊心
自発	自発[じはつ]  名 ⓪ ・ 自發，自願
式場	式場[しきじょう]  名 ⓪ ・ 舉行儀式的會場
執着	執着[しゅうちゃく]  名・自動3 ⓪ ・ 執著，貪戀
失格	失格[しっかく]  名・自動3 ⓪ ・ 不夠格；失去資格
失脚	失脚[しっきゃく]  名・自動3 ⓪ ・ 失足，下台
嫉妬	嫉妬[しっと]  名・自他動3 ⓪③① ・ 嫉妒，羨慕
質疑	質疑[しつぎ]  名・自動3 ②① ・ 質疑，質問
実情	実情[じつじょう]  名 ⓪ ・ 實際狀況；真情
斜面	斜面[しゃめん]  名 ① ・ 斜面
社交	社交[しゃこう]  名 ⓪ ・ 社交，交際
謝罪	謝罪[しゃざい]  名・自他動3 ⓪ ・ 謝罪，道歉
遮る	遮る[さえぎる]  他動1 ③ ・ 遮擋；打斷
若手	若手[わかて]  名 ⓪ ・ 年輕能幹的人，青年
弱気	弱気[よわき]  名・ナ形 ⓪③ ・ 弱，怯弱
主導	主導[しゅどう]  名・他動3 ⓪ ・ 主導
取り残す	取り残す[とりのこす]  他動1 ④⓪ ・ 剩下；落伍，落後
取り次ぐ	取り次ぐ[とりつぐ]  他動1 ③⓪ ・ 轉達，轉交；代銷
取り締まる	取り締まる[とりしまる]  他動1 ④⓪ ・ 管束，管制，取締
手のひら	手のひら[てのひら]  名 ②① ・ 手掌
手がかり	手がかり[てがかり]  名 ② ・ （攀爬時）手點，岩點；線索，頭緒
手際	手際[てぎわ]  名 ⓪③ ・ （處理事物的）方法，技巧；本領
手薄	手薄[てうす]  名・ナ形 ⓪ ・ 手頭缺少物品、金錢或人手
手分け	手分け[てわけ]  名・自動3 ③ ・ 分頭，分工
手法	手法[しゅほう]  名 ⓪ ・ 手法，方法
趣	趣[おもむき]  名 ④⓪ ・ 大致內容，旨趣；風趣，雅趣，情趣；……的情況
趣旨	趣旨[しゅし]  名 ① ・ 主要內容，宗旨
首脳	首脳[しゅのう]  名 ⓪ ・ 首腦
受け継ぐ	受け継ぐ[うけつぐ]  他動1 ⓪③ ・ 繼承，傳承
授ける	授ける[さずける]  他動2 ③ ・ 授予，傳授
樹木	樹木[じゅもく]  名 ① ・ 樹木
樹立	樹立[じゅりつ]  名・自他動3 ⓪ ・ 樹立
収益	収益[しゅうえき]  名 ⓪① ・ 效益
収容	収容[しゅうよう]  名・他動3 ⓪ ・ 容納，收容
修行	修行[しゅぎょう]  名・自他動3 ⓪ ・ 修行，修煉
重宝	重宝[ちょうほう]  名・ナ形・他動3 ① ・ 方便，便利；珍視，愛惜
熟練	熟練[じゅくれん]  名・自動3 ⓪ ・ 熟練
出くわす	出くわす[でくわす]  自動1 ⓪③ ・ 偶遇，碰到
出産	出産[しゅっさん]  名・自他動3 ⓪ ・ 生孩子
出費	出費[しゅっぴ]  名・自他動3 ⓪ ・ 花費，開銷
潤う	潤う[うるおう]  自動1 ③ ・ 濕潤；寬裕起來
処置	処置[しょち]  名・他動3 ① ・ 處置，處理，措施；處理（傷口），治療
所在	所在[しょざい]  名 ⓪ ・ 所在地；所在
所持	所持[しょじ]  名・他動3 ① ・ 攜帶
所定	所定[しょてい]  名 ⓪ ・ 指定，規定
庶民	庶民[しょみん]  名 ① ・ 百姓，普通人
書評	書評[しょひょう]  名 ⓪ ・ 書評
唱える	唱える[となえる]  他動2 ③② ・ 誦，念；高喊；主張
承諾	承諾[しょうだく]  名・他動3 ⓪ ・ 應允，同意
照合	照合[しょうごう]  名・他動3 ⓪ ・ 對照，核查
省みる	省みる[かえりみる]  他動2 ④ ・ 反省
衝撃	衝撃[しょうげき]  名 ⓪ ・ 衝擊；震驚
証言	証言[しょうげん]  名・他動3 ⓪③ ・ 證詞；作證
障る	障る[さわる]  自動1 ⓪ ・ 妨礙；有害
丈	丈[たけ]  名 ② ・ 身高，高度；長度，尺寸
情緒	情緒[じょうちょ]  名 ① ・ 情趣，風趣；情緒
情勢	情勢[じょうせい]  名 ⓪ ・ 形勢，局勢
条約	条約[じょうやく]  名 ⓪ ・ 條約
譲歩	譲歩[じょうほ]  名・自他動3 ① ・ 讓步
織る	織る[おる]  他動1 ① ・ 織，編織
色眼鏡	色眼鏡[いろめがね]  名 ③ ・ 墨鏡；有色眼鏡，偏見
色彩	色彩[しきさい]  名 ⓪ ・ 色彩，色調；傾向
食い違う	食い違う[くいちがう]  自動1 ④⓪ ・ 不一致，有分歧；錯位
信念	信念[しんねん]  名 ① ・ 信念
侵す	侵す[おかす]  他動1 ⓪② ・ 侵犯，侵入，侵害；患，侵襲
寝かせる	寝かせる[ねかせる]  他動2 ⓪ ・ 哄睡；放平；閒置
心がける	心がける[こころがける]  他動2 ⑤ ・ 留心，注意
心情	心情[しんじょう]  名 ⓪ ・ 心情
振り出し	振り出し[ふりだし]  名 ⓪ ・ 出發點，起點
真実	真実[しんじつ]  名・ナ形・副 ① ・ 真實情況；真的
真心	真心[まごころ]  名 ② ・ 真心，誠意
紳士	紳士[しんし]  名 ① ・ 紳士；男士
親近	親近[しんきん]  名・自動3 ⓪ ・ 親近；親屬；親信
進呈	進呈[しんてい]  名・他動3 ⓪ ・ 奉送，贈送
進展	進展[しんてん]  名・自動3 ⓪ ・ 進展，發展
人格	人格[じんかく]  名 ⓪ ・ 人格，人品
人権	人権[じんけん]  名 ⓪ ・ 人權
人波	人波[ひとなみ]  名 ⓪ ・ 人潮
迅速	迅速[じんそく]  名・ナ形 ⓪ ・ 迅速
推進	推進[すいしん]  名・他動3 ⓪ ・ 推進
遂行	遂行[すいこう]  名・他動3 ⓪ ・ 執行到底，完成
据える	据える[すえる]  他動2 ⓪ ・ 安放；使……就座；使就……職位
澄ます	澄ます[すます]  自他動1 ② ・ 澄清；全神貫注；裝作與己無關
是正	是正[ぜせい]  名・他動3 ⓪ ・ 更正，改正，糾正
制御	制御[せいぎょ]  名・他動3 ① ・ 支配，控制；調節
政権	政権[せいけん]  名 ⓪ ・ 政權
正規	正規[せいき]  名・ナ形 ① ・ 正規
正義	正義[せいぎ]  名 ① ・ 正義
清らか	清らか[きよらか]  ナ形 ② ・ 清澈；純潔
生やす	生やす[はやす]  他動1 ② ・ 使（植物）生長；留（鬍子）
生涯	生涯[しょうがい]  名・副 ① ・ 一生，生涯
生気	生気[せいき]  名 ① ・ 生氣，活力
生死	生死[せいし]  名 ① ・ 生死
生身	生身[なまみ]  名 ②⓪ ・ 活人，有血有肉的人
盛大	盛大[せいだい]  名・ナ形 ⓪ ・ 盛大，規模宏大
精巧	精巧[せいこう]  名・ナ形 ⓪ ・ 精巧，精密
精密	精密[せいみつ]  名・ナ形 ⓪ ・ 精密，精確
製法	製法[せいほう]  名 ⓪ ・ 製作方法
青春	青春[せいしゅん]  名 ⓪ ・ 青春
静止	静止[せいし]  名・自動3 ⓪ ・ 靜止
切ない	切ない[せつない]  イ形 ③ ・ 難過的，悲痛的
切れ目	切れ目[きれめ]  名 ③ ・ 段落；間斷，中斷；裂縫
切実	切実[せつじつ]  ナ形 ⓪ ・ 懇切；切實
設立	設立[せつりつ]  名・他動3 ⓪ ・ 設立，成立
絶版	絶版[ぜっぱん]  名 ⓪ ・ 絕版
絶望	絶望[ぜつぼう]  名・自動3 ⓪ ・ 失望，絕望
占領	占領[せんりょう]  名・他動3 ⓪ ・ 佔領，佔據
宣言	宣言[せんげん]  名・他動3 ③ ・ 宣言，（正式）宣布
もっぱら	もっぱら  副 ⓪① ・ 專門，淨，專心致志
潜む	潜む[ひそむ]  自動1 ② ・ 躲藏；藏在（心裡）
前置き	前置き[まえおき]  名・自動3 ⓪④ ・ 序言，開場白
前例	前例[ぜんれい]  名 ⓪ ・ 前例，先例
全盛	全盛[ぜんせい]  名 ①⓪ ・ 全盛，鼎盛
繕う	繕う[つくろう]  他動1 ③ ・ 修理，修繕；整理（儀容）；敷衍，掩飾
措置	措置[そち]  他動3・名 ① ・ 措施，處理
素朴	素朴[そぼく]  名・ナ形 ⓪ ・ 樸素；單純
訴訟	訴訟[そしょう]  名・自動3 ⓪ ・ 訴訟
阻む	阻む[はばむ]  他動1 ② ・ 阻擋，阻礙
喪失	喪失[そうしつ]  名・他動3 ⓪ ・ 喪失
壮大	壮大[そうだい]  ナ形・名 ⓪ ・ 宏偉，宏大
捜査	捜査[そうさ]  名・他動3 ① ・ 搜查
操る	操る[あやつる]  他動1 ③ ・ （用線等）操控；巧妙地運用，駕馭；操縱，暗中控制
相場	相場[そうば]  名 ⓪ ・ 行情，市價
装う	装う[よそおう]  他動1 ③ ・ 裝扮；假裝
装備	装備[そうび]  名・他動3 ① ・ 裝備，配備
促進	促進[そくしん]  名・他動3 ⓪ ・ 促進
即する	即する[そくする]  自動3 ③ ・ 就，適應，結合
束縛	束縛[そくばく]  他動3・名 ⓪ ・ 束縛，限制
存続	存続[そんぞく]  名・自他動3 ⓪ ・ 存續，延續
他方	他方[たほう]  名・副 ② ・ 其他方面，另一方；雖然如此，但是從另一方面來看的話
唾	唾[つば]  名 ①② ・ 唾液，口水
妥協	妥協[だきょう]  名・自動3 ⓪ ・ 妥協
打ち込む	打ち込む[うちこむ]  自他動1 ③⓪ ・ 打進，射進；埋頭，專心致志
打ち切る	打ち切る[うちきる]  他動1 ③⓪ ・ （中途）停止
打開	打開[だかい]  名・他動3 ⓪ ・ 打開，打破
打撃	打撃[だげき]  名 ⓪ ・ 打擊；擊打
対談	対談[たいだん]  名・自他動3 ⓪ ・ 對談
帯びる	帯びる[おびる]  他動2 ②⓪ ・ 帶有；肩負
怠る	怠る[おこたる]  他動1 ③⓪ ・ 偷懶，懈怠，疏忽
滞る	滞る[とどこおる]  自動1 ⓪③ ・ 阻塞，遲滯，拖延；拖欠
滞納	滞納[たいのう]  名・他動3 ⓪ ・ 滯納，拖欠
大概	大概[たいがい]  名・副 ⓪ ・ 大部分，大致；大概，概要；適度，適可而止；大致上
大筋	大筋[おおすじ]  名 ⓪ ・ 梗概，主要內容
大金	大金[たいきん]  名 ⓪ ・ 鉅款，巨額的錢
大方	大方[おおかた]  名・副 ⓪ ・ 大部分；一般人；大致；大概，或許
達者	達者[たっしゃ]  ナ形 ⓪ ・ 精通，熟練；健康
奪い取る	奪い取る[うばいとる]  他動1 ④ ・ （用武力）奪取
脱退	脱退[だったい]  名・自動3 ⓪ ・ 脫離，退出
丹念	丹念[たんねん]  ナ形・名 ① ・ 精心，細心
単一	単一[たんいつ]  名・ナ形 ⓪ ・ 單一
担う	担う[になう]  他動1 ② ・ 擔，挑；擔負
探検	探検[たんけん]  名・他動3 ⓪ ・ 探險
はじく	はじく  他動1 ② ・ 彈；防（水）；打（算盤）
弾む	弾む[はずむ]  自動1 ⓪ ・ 跳，彈；起勁，激動
弾力	弾力[だんりょく]  名 ⓪① ・ 彈性
断つ	断つ[たつ]  他動1 ① ・ 切斷；戒
断言	断言[だんげん]  名・他動3 ③⓪ ・ 斷言，斷定
値する	値する[あたいする]  自動3 ⓪ ・ 值得
値打ち	値打ち[ねうち]  名 ⓪ ・ 估價，評價；價值
恥じらう	恥じらう[はじらう]  自他動1 ③ ・ 害羞
畜産	畜産[ちくさん]  名 ⓪ ・ 畜產
着手	着手[ちゃくしゅ]  名・自動3 ① ・ 著手，開始
着目	着目[ちゃくもく]  名・自動3 ⓪ ・ 著眼，注目
中傷	中傷[ちゅうしょう]  名・他動3 ⓪ ・ 中傷，誹謗
中立	中立[ちゅうりつ]  名・自動3 ⓪ ・ 中立
忠実	忠実[ちゅうじつ]  名・ナ形 ⓪ ・ 忠誠；忠實
著書	著書[ちょしょ]  名 ① ・ 著作
著名	著名[ちょめい]  名・ナ形 ⓪ ・ 著名
貯蓄	貯蓄[ちょちく]  名・自他動3 ⓪ ・ 儲存，積蓄
兆し	兆し[きざし]  名 ⓪ ・ 預兆，兆頭
張り合う	張り合う[はりあう]  自他動1 ③ ・ 競爭，爭持，爭奪
懲りる	懲りる[こりる]  自動2 ② ・ 嚐到苦頭不想再做
挑む	挑む[いどむ]  自他動1 ② ・ 挑釁；挑戰
挑戦	挑戦[ちょうせん]  名・自動3 ⓪ ・ 挑戰
聴覚	聴覚[ちょうかく]  名 ①⓪ ・ 聽覺
調和	調和[ちょうわ]  名・自動3 ⓪ ・ 協調，和諧
はかどる	はかどる  自動1 ③ ・ 進展順利
直感	直感[ちょっかん]  名・他動3 ⓪ ・ 直覺，憑直覺感到
直面	直面[ちょくめん]  名・自動3 ⓪ ・ 面對，直面
沈黙	沈黙[ちんもく]  名・自動3 ⓪ ・ 沉默
賃金	賃金[ちんぎん]  名 ① ・ 工資，薪水
陳列	陳列[ちんれつ]  名・他動3 ⓪ ・ 陳列，展覽
墜落	墜落[ついらく]  名・自動3 ⓪ ・ 墜落，掉下
追放	追放[ついほう]  名・他動3 ⓪ ・ 驅逐（出境），趕出；開除，革職，肅清
痛感	痛感[つうかん]  名・他動3 ⓪ ・ 深感，深切認識
痛切	痛切[つうせつ]  ナ形・名 ⓪ ・ 痛切，深切
停滞	停滞[ていたい]  名・自動3 ⓪ ・ 停滯，滯留
提携	提携[ていけい]  名・自他動3 ⓪ ・ 提攜，合作
提唱	提唱[ていしょう]  他動3・名 ⓪ ・ 提倡
天才	天才[てんさい]  名 ⓪ ・ 天才
天地	天地[てんち]  名 ① ・ 天地；世界；上下
てっぺん	てっぺん  名 ③ ・ 頂，頂峰
展望	展望[てんぼう]  名・他動3 ⓪ ・ 展望；眺望
店頭	店頭[てんとう]  名 ⓪ ・ 鋪面，門面，門市
伝説	伝説[でんせつ]  名 ⓪ ・ 傳說
田園	田園[でんえん]  名 ⓪ ・ 田園
渡り鳥	渡り鳥[わたりどり]  名 ③ ・ 候鳥；到處謀生的人
途切れる	途切れる[とぎれる]  自動2 ③ ・ 間斷，中斷
土砂	土砂[どしゃ]  名 ① ・ 砂土
投じる	投じる[とうじる]  自他動2 ⓪③ ・ 投；獻身；投入
投資	投資[とうし]  名・自他動3 ⓪① ・ 投資
投入	投入[とうにゅう]  名・他動3 ⓪ ・ 投入
搭乗	搭乗[とうじょう]  名・自動3 ⓪ ・ 搭乘
盗み	盗み[ぬすみ]  名 ③ ・ 偷盜，竊盜
当人	当人[とうにん]  名 ① ・ 當事人，本人
当選	当選[とうせん]  名・自動3 ⓪ ・ 當選；中彩
当面	当面[とうめん]  副・名・自動3 ⓪ ・ 當前；面臨
統合	統合[とうごう]  名・他動3 ⓪ ・ 統一，合併
統制	統制[とうせい]  名・他動3 ⓪ ・ 統制，統管
踏まえる	踏まえる[ふまえる]  他動2 ③② ・ 踏，用力踏；根據，立足於
踏み込む	踏み込む[ふみこむ]  自動1 ③ ・ 踏入；陷入；突然闖入；深入
踏襲	踏襲[とうしゅう]  名・他動3 ⓪ ・ 繼承，沿用
逃走	逃走[とうそう]  名・自動3 ⓪ ・ 逃跑，逃走
動向	動向[どうこう]  名 ⓪ ・ 動向
同志	同志[どうし]  名 ① ・ 同志
同調	同調[どうちょう]  名・自動3 ⓪ ・ 與他人態度、意見一致
堂々	堂々[どうどう]  形動トタル ③⓪ ・ （行為舉止）大大方方，堂堂正正
得策	得策[とくさく]  名 ⓪ ・ 好辦法，上策
特許	特許[とっきょ]  名 ① ・ 專利
特権	特権[とっけん]  名 ⓪ ・ 特權
特集	特集[とくしゅう]  名・他動3 ⓪ ・ 專刊，專集
独創	独創[どくそう]  名・他動3 ⓪ ・ 獨創
突っ張る	突っ張る[つっぱる]  自他動1 ③ ・ 支撐；（肌肉）僵硬；固執己見
突入	突入[とつにゅう]  名・自動3 ⓪ ・ 衝進，闖進
突破	突破[とっぱ]  名・自他動3 ⓪① ・ 突破；超過
鈍る	鈍る[にぶる]  自動1 ② ・ （刀具等）變鈍；（感覺等）變遲鈍
内心	内心[ないしん]  名・副 ⓪ ・ 內心，暗地裡
内訳	内訳[うちわけ]  名 ⓪ ・ 明細，細目
内陸	内陸[ないりく]  名 ⓪ ・ 內陸
肉体	肉体[にくたい]  名 ⓪ ・ 肉體
日焼け	日焼け[ひやけ]  名・自動3 ⓪ ・ 曬黑
乳幼児	乳幼児[にゅうようじ]  名 ③ ・ 嬰幼兒（學齡前孩子的總稱）
如実	如実[にょじつ]  名 ⓪ ・ 如實，原原本本
任務	任務[にんむ]  名 ① ・ 任務，職責
妊娠	妊娠[にんしん]  名・自動3 ⓪ ・ 懷孕，妊娠
熱意	熱意[ねつい]  名 ① ・ 熱情，幹勁
年長	年長[ねんちょう]  名 ⓪ ・ 年長
念願	念願[ねんがん]  名・他動3 ⓪③ ・ 願望，夙願
粘り	粘り[ねばり]  名 ③ ・ 黏性；毅力
粘る	粘る[ねばる]  自動1 ② ・ 發黏；堅持不懈
悩ましい	悩ましい[なやましい]  イ形 ④ ・ 煩惱，惱人；迷人，妖豔
納入	納入[のうにゅう]  名・他動3 ⓪ ・ 繳納，上繳
脳裏	脳裏[のうり]  名 ① ・ 心裡，腦海裡
農耕	農耕[のうこう]  名 ⓪ ・ 農耕
破損	破損[はそん]  名・自他動3 ⓪ ・ 破損，損壞
破裂	破裂[はれつ]  名・自動3 ⓪ ・ 破裂
廃れる	廃れる[すたれる]  自動2 ⓪③ ・ （曾經興盛的事物）過時，衰退
廃棄	廃棄[はいき]  名・他動3 ①⓪ ・ 廢棄，廢除
敗北	敗北[はいぼく]  名・自動3 ⓪ ・ 戰敗，（比賽）失敗
背後	背後[はいご]  名 ① ・ 背後；背地，幕後
配給	配給[はいきゅう]  名・他動3 ⓪ ・ 配給，分配（物資）；定量供應
配偶者	配偶者[はいぐうしゃ]  名 ③ ・ 配偶
配置	配置[はいち]  名・他動3 ⓪① ・ 配置，佈置，部署
配分	配分[はいぶん]  名・他動3 ⓪ ・ 分配
配列	配列[はいれつ]  名・他動3 ⓪ ・ 排列
媒介	媒介[ばいかい]  他動3・名 ⓪ ・ 媒介，傳播
漠然	漠然[ばくぜん]  形動トタル ⓪ ・ 含糊，曖昧，模糊
発掘	発掘[はっくつ]  名・他動3 ⓪ ・ 發掘，挖掘；發現
発足	発足[ほっそく]  名・自動3 ⓪ ・ （組織等）成立，開始活動
発端	発端[ほったん]  名 ⓪③ ・ 發端，起因
発話	発話[はつわ]  名・自他動3 ⓪ ・ （語言學）發聲，表達
伴奏	伴奏[ばんそう]  名・自動3 ⓪ ・ 伴奏
判明	判明[はんめい]  名・自動3 ⓪ ・ 判明，弄清楚
半端	半端[はんぱ]  名・ナ形 ⓪ ・ 零頭，尾數；不徹底；無用（的人）
反響	反響[はんきょう]  名・自動3 ⓪ ・ 回音；反響
氾濫	氾濫[はんらん]  名・自動3 ⓪ ・ 氾濫
繁盛	繁盛[はんじょう]  名・自動3 ① ・ 繁榮，興隆
煩わしい	煩わしい[わずらわしい]  イ形 ⑤⓪ ・ 煩瑣的，麻煩的
晩年	晩年[ばんねん]  名 ⓪ ・ 晚年
悲鳴	悲鳴[ひめい]  名 ⓪ ・ 悲鳴；叫苦聲
肥料	肥料[ひりょう]  名 ① ・ 肥料
飛び交う	飛び交う[とびかう]  自動1 ③ ・ 飛來飛去
表彰	表彰[ひょうしょう]  名・他動3 ⓪ ・ 表彰
描写	描写[びょうしゃ]  名・他動3 ⓪ ・ 描寫，描繪，描述
頻繁	頻繁[ひんぱん]  名・ナ形 ⓪ ・ 頻繁
不在	不在[ふざい]  名 ⓪ ・ 不在，不在場
不審	不審[ふしん]  名・ナ形 ⓪ ・ 可疑
不当	不当[ふとう]  名・ナ形 ⓪ ・ 不正當，非法
不備	不備[ふび]  名・ナ形 ① ・ 不完備
不服	不服[ふふく]  名・ナ形 ⓪ ・ 異議，不服
不平等	不平等[ふびょうどう]  ナ形・名 ② ・ 不平等
富む	富む[とむ]  自動1 ① ・ 富有；富於
普遍	普遍[ふへん]  名 ⓪ ・ 普遍，一般
腐敗	腐敗[ふはい]  名・自動3 ⓪ ・ 腐爛；腐敗
負債	負債[ふさい]  名 ⓪ ・ 負債
赴く	赴く[おもむく]  自動1 ③ ・ 赴，前往；趨於，傾向
赴任	赴任[ふにん]  名・自動3 ⓪ ・ 赴任
武家	武家[ぶけ]  名 ①⓪ ・ 武士門第；武士
風物	風物[ふうぶつ]  名 ① ・ 風景，風物
復活	復活[ふっかつ]  名・自他動3 ⓪ ・ 復活；恢復，復興
復興	復興[ふっこう]  名・自他動3 ⓪ ・ 復興
覆す	覆す[くつがえす]  他動1 ③ ・ 打翻；推翻
仏像	仏像[ぶつぞう]  名 ⓪ ・ 佛像
分業	分業[ぶんぎょう]  名・自他動3 ⓪ ・ 分工
分散	分散[ぶんさん]  名・自他動3 ⓪ ・ 分散
憤る	憤る[いきどおる]  自他動1 ③ ・ 憤怒，氣憤，憤慨
奮闘	奮闘[ふんとう]  名・自動3 ⓪ ・ 奮戰；奮鬥
粉末	粉末[ふんまつ]  名 ⓪ ・ 粉末
紛れる	紛れる[まぎれる]  自動2 ③ ・ 混淆；混進；排解鬱悶或煩惱
兵士	兵士[へいし]  名 ① ・ 士兵，戰士
並列	並列[へいれつ]  名・自他動3 ⓪ ・ 並列，並排；並聯
偏見	偏見[へんけん]  名 ⓪ ・ 偏見
変遷	変遷[へんせん]  名・自動3 ⓪ ・ 變遷
返還	返還[へんかん]  名・他動3 ⓪ ・ 歸還，退還
返済	返済[へんさい]  他動3・名 ⓪ ・ 還錢，償還
弁解	弁解[べんかい]  名・自他動3 ⓪ ・ 辯解，申辯，辯白
弁償	弁償[べんしょう]  名・他動3 ⓪ ・ 賠償
保持	保持[ほじ]  他動3・名 ① ・ 保持
保守	保守[ほしゅ]  名・他動3 ① ・ 保守；保養
保全	保全[ほぜん]  他動3・名 ⓪ ・ 保全
捕獲	捕獲[ほかく]  名・他動3 ⓪ ・ 捕獲
補給	補給[ほきゅう]  名・他動3 ⓪ ・ 補給
補強	補強[ほきょう]  名・他動3 ⓪ ・ 加強，強化
補充	補充[ほじゅう]  名・他動3 ⓪ ・ 補充
募る	募る[つのる]  自他動1 ② ・ （某種感覺）越來越厲害；招募
慕う	慕う[したう]  他動1 ⓪② ・ 想念；仰慕；追隨
包括	包括[ほうかつ]  他動3・名 ⓪ ・ 包括，總括
報じる	報じる[ほうじる]  自他動2 ⓪③ ・ 報答；報導
報酬	報酬[ほうしゅう]  名 ⓪ ・ 報酬
宝庫	宝庫[ほうこ]  名 ① ・ 寶庫
崩壊	崩壊[ほうかい]  名・自動3 ⓪ ・ 崩潰，垮台
捧[ささ]げる	捧[ささ]げる[ささげる]  他動2 ⓪ ・ 捧舉；獻上；獻出
放射	放射[ほうしゃ]  名・自他動3 ⓪ ・ 放射
放出	放出[ほうしゅつ]  名・自他動3 ⓪ ・ 放出，噴出；發放，投放
放置	放置[ほうち]  名・他動3 ⓪① ・ 擱置，置之不理
方策	方策[ほうさく]  名 ⓪ ・ 方法，策略
飽和	飽和[ほうわ]  名・自動3 ⓪ ・ 飽和，極限
傍ら	傍ら[かたわら]  名・副 ⓪④ ・ 旁邊；……的同時
妨害	妨害[ぼうがい]  名・他動3 ⓪ ・ 妨礙
暴露	暴露[ばくろ]  名・自他動3 ①⓪ ・ 暴露，揭露，敗露
冒頭	冒頭[ぼうとう]  名 ⓪ ・ 開頭
防衛	防衛[ぼうえい]  名・他動3 ⓪ ・ 防衛，捍衛
没頭	没頭[ぼっとう]  名・自動3 ⓪ ・ 埋頭，專心致志
本筋	本筋[ほんすじ]  名 ⓪ ・ 主要情節；本題
本場	本場[ほんば]  名 ⓪ ・ 原產地，發源地，正宗
埋蔵	埋蔵[まいぞう]  名・他動3 ⓪ ・ 埋藏；蘊藏
末期	末期[まっき]  名 ① ・ 末期，晚期
慢性	慢性[まんせい]  名 ⓪ ・ 慢性
満喫	満喫[まんきつ]  名・他動3 ⓪ ・ 吃飽喝足；充分享受
味覚	味覚[みかく]  名 ⓪ ・ 味覺
未熟	未熟[みじゅく]  名・ナ形 ⓪ ・ 未熟；不成熟
未知	未知[みち]  名 ① ・ 未知
密集	密集[みっしゅう]  名・自動3 ⓪ ・ 密集
密度	密度[みつど]  名 ① ・ 密度；內容充實度
民衆	民衆[みんしゅう]  名 ⓪ ・ 民眾，群眾
無闇	無闇[むやみ]  ナ形 ① ・ 胡亂；過分
無知	無知[むち]  名・ナ形 ① ・ 一無所知；無知，愚蠢
無念	無念[むねん]  名・ナ形 ① ・ （佛教）萬念俱空；遺憾
無能	無能[むのう]  名・ナ形 ⓪ ・ 無能
むろん	むろん  副 ⓪ ・ 不用說，當然
名称	名称[めいしょう]  名 ⓪ ・ （事物的）名稱
名誉	名誉[めいよ]  名・ナ形 ① ・ 名譽，榮譽
明暗	明暗[めいあん]  名 ⓪ ・ （人生的）明暗，幸福與不幸；（顏色的）濃淡
明白	明白[めいはく]  名・ナ形 ⓪ ・ 明顯，確鑿
滅びる	滅びる[ほろびる]  自動2 ③⓪ ・ 消亡，滅亡，滅絕
滅ぼす	滅ぼす[ほろぼす]  他動1 ③⓪ ・ 毀滅；使……滅亡
滅亡	滅亡[めつぼう]  名・自動3 ⓪ ・ 滅亡
免除	免除[めんじょ]  名・他動3 ① ・ 免除，豁免
面会	面会[めんかい]  名・自動3 ⓪ ・ 見面，會面
模擬	模擬[もぎ]  他動3・名 ① ・ 模擬
模倣	模倣[もほう]  名・他動3 ⓪ ・ 模仿
猛烈	猛烈[もうれつ]  ナ形・名 ⓪ ・ 猛烈，激烈
目覚ましい	目覚ましい[めざましい]  イ形 ④ ・ 驚人的，異常顯著的
野心	野心[やしん]  名 ①⓪ ・ 野心，抱負
優位	優位[ゆうい]  名・ナ形 ① ・ 優勢，優越地位
優勢	優勢[ゆうせい]  名・ナ形 ⓪ ・ 優勢
優美	優美[ゆうび]  名・ナ形 ① ・ 優美
勇敢	勇敢[ゆうかん]  名・ナ形 ⓪ ・ 勇敢
有益	有益[ゆうえき]  名・ナ形 ⓪ ・ 有益，有意義
有数	有数[ゆうすう]  名・ナ形 ⓪ ・ 屈指可數
誘導	誘導[ゆうどう]  名・他動3 ⓪ ・ 引導，誘導
融合	融合[ゆうごう]  名・自動3 ⓪ ・ 融合
融資	融資[ゆうし]  名・自他動3 ①⓪ ・ 融資，貸款
融通	融通[ゆうずう]  名・他動3 ⓪ ・ 借貸；隨機應變
予言	予言[よげん]  名・他動3 ⓪ ・ 預言
余地	余地[よち]  名 ① ・ 餘地
揺さぶる	揺さぶる[ゆさぶる]  他動1 ⓪ ・ 大幅搖動，搖晃；震驚，使……動搖
揺らぐ	揺らぐ[ゆらぐ]  自動1 ②⓪ ・ 搖動，搖晃；搖搖欲墜，岌岌可危
様相	様相[ようそう]  名 ⓪ ・ （事物的）狀態，樣子，姿態
要請	要請[ようせい]  名・他動3 ⓪ ・ 請求，要求
抑圧	抑圧[よくあつ]  名・他動3 ⓪ ・ 壓迫，壓制（行動、慾望等）
抑制	抑制[よくせい]  名・他動3 ⓪ ・ 抑制，制止
来訪	来訪[らいほう]  名・自動3 ⓪ ・ 來訪
落下	落下[らっか]  名・自動3 ⓪① ・ 落下，掉下
酪農	酪農[らくのう]  名 ⓪ ・ 畜牧業
理屈っぽい	理屈っぽい[りくつっぽい]  イ形 ⑤ ・ 好講理的，愛詭辯的
率いる	率いる[ひきいる]  他動2 ③ ・ 帶領；率領
立ち会う	立ち会う[たちあう]  自動1 ③⓪ ・ 見證，在場
流 暢[ちょう]	流 暢[ちょう]  ナ形・名 ① ・ 流暢，流利
流通	流通[りゅうつう]  名・自動3 ⓪ ・ 流通
両極	両極[りょうきょく]  名 ⓪ ・ 兩極，兩端；南北極；陰陽極
良心	良心[りょうしん]  名 ① ・ 良心
例年	例年[れいねん]  名 ⓪ ・ 往年
冷やかす	冷やかす[ひやかす]  他動1 ③ ・ 戲弄；逛（只看而不買）
冷淡	冷淡[れいたん]  名・ナ形 ③ ・ 冷漠，不關心
励む	励む[はげむ]  自動1 ② ・ 勤奮，努力
連なる	連なる[つらなる]  自動1 ③ ・ 連綿，綿延；關係到；參加
連鎖	連鎖[れんさ]  名・自動3 ① ・ 連鎖
連帯	連帯[れんたい]  名・自動3 ⓪ ・ 團結，聯合，協作；連帶
連中	連中[れんちゅう]  名 ⓪ ・ 夥伴，同夥
露骨	露骨[ろこつ]  名・ナ形 ⓪ ・ 露骨，直率；毫不留情
労力	労力[ろうりょく]  名 ① ・ 勞力；勞動力
朗報	朗報[ろうほう]  名 ⓪ ・ 好消息，喜訊
老いる	老いる[おいる]  自動2 ② ・ 上年紀，衰老
論証	論証[ろんしょう]  他動3・名 ⓪ ・ 論證
和らげる	和らげる[やわらげる]  他動2 ④ ・ 使緩和，使柔和；使語言或文章更容易理解
賄う	賄う[まかなう]  他動1 ③ ・ 供給（飯食）；設法應付，勉強湊合
惑う	惑う[まどう]  自動1 ② ・ 茫然，困惑；迷戀，沉溺
惑星	惑星[わくせい]  名 ⓪ ・ 行星；黑馬，明日之星
腕前	腕前[うでまえ]  名 ⓪③ ・ 本事，才能
〜がらみ	〜がらみ  接尾 ・ 與……有密切關聯；包括……在內；接近
〜ぐるみ	〜ぐるみ  接尾 ・ 包括……在內，全部
〜ずくめ	〜ずくめ  接尾 ・ 盡是……，清一色……
〜まみれ	〜まみれ  接尾 ・ 沾滿……
〜越し	〜越し[〜ごし]  接尾 ・ 隔著……；某一期間一直……
圏	圏[けん]  造 ① ・ ……圈，範圍
陣	陣[じん]  名・造 ① ・ ……陣容
〜ばる	〜ばる  接尾 ・ 拘泥於……
派	派[は]  名・造 ① ・ ……派
味	味[み]  造 ・ 表示藥品或食材的種類
身だしなみ	身だしなみ[みだしなみ]  名 ⓪ ・ （服裝、言談舉止、態度、姿態等）注意儀表；修養藝術
愛 嬌[きょう]	愛 嬌[きょう]  名 ③ ・ 可愛之處，魅力；好感，親切
相まって	相まって[あいまって]  連語 ① ・ 相輔相成，相互作用
あたふた	あたふた  副・自動3 ① ・ 慌慌張張
顕[あら]わ	顕[あら]わ[あらわ]  ナ形 ①⓪ ・ 顯露，表露；公然，公開；露骨，顯然
ありきたり	ありきたり  名・ナ形 ⓪ ・ 一般，尋常，老一套的
ありとあらゆる	ありとあらゆる  連体 ①+③ ・ 所有的
在り方	在り方[ありかた]  名 ③④ ・ 應有的狀態，理想的狀態
いかなる	いかなる  連体 ② ・ 如何的，怎樣的
いたたまれない	いたたまれない  連語 ⑤⓪ ・ 簡直待不下去，如坐針氈
インスピレーション	インスピレーション  名 ⑤ ・ 靈感
うずうず	うずうず  副・自動3 ① ・ （因為想做）躍躍欲試，坐不住
うなだれる	うなだれる  自動2 ④⓪ ・ （因悲觀、失望、擔心、羞恥等）垂頭喪氣
鵜呑[うの]み	鵜呑[うの]み[うのみ]  名 ③⓪ ・ 囫圇吞棗
うろたえる	うろたえる  自動2 ④③⓪ ・ 驚慌失措，狼狽
エッセー	エッセー  名 ① ・ 隨筆
エピソード	エピソード  名 ①③ ・ 插曲；插話；逸事
エリート	エリート  名 ② ・ 菁英
エントリー	エントリー  名・自動3 ① ・ 報名（參加運動會等）
幼なじみ	幼なじみ[おさななじみ]  名 ④ ・ 青梅竹馬之交；從小到大的朋友
億劫[おっくう]	億劫[おっくう][おっくう]  ナ形 ③ ・ 嫌麻煩，懶得
自[おの]ずと	自[おの]ずと[おのずと]  副 ⓪ ・ 自然而然地
おぼろげ	おぼろげ  ナ形 ⓪ ・ 模糊，朦朧
おろか	おろか  ナ形・副 ① ・ （「AはおろかB…」の形で）不用說
がさがさ	がさがさ  副・自動3・ナ形 ①⓪ ・ （乾燥的物體接觸時的）沙沙聲；粗野的（人）；乾燥的
かたくな	かたくな  ナ形 ⓪ ・ 頑固，固執
がみがみ	がみがみ  副 ① ・ 嘮叨
がやがや	がやがや  副・自動3 ① ・ （很多人）大聲喧嘩
からっと	からっと  副・自動3 ② ・ 晴朗；鬆脆；（性格）爽朗
キープ	キープ  他動3・名 ① ・ 保持，保留
キャリア	キャリア  名 ① ・ 履歷，經驗；職業生涯
クーポン	クーポン  名 ① ・ 聯票；優惠券
クール	クール  ナ形 ① ・ 涼快；冷靜
くじく	くじく  他動1 ② ・ 扭；挫敗
くしゃくしゃ	くしゃくしゃ  副・自動3・ナ形 ⓪①② ・ ［ナ形］皺巴巴⓪；［ナ形］亂蓬蓬⓪；［副・自動3］心情鬱悶①②
くまなく	くまなく  副 ②③ ・ 到處，不留死角地；晴朗無雲
グローバル	グローバル  ナ形 ② ・ 全球的，全世界的
コーディネート	コーディネート  他動3・名 ④ ・ 搭配，組合
こまめ	こまめ  ナ形 ① ・ 勤快地，經常
コンマ	コンマ  名 ① ・ 逗號；小數點
サーフィン	サーフィン  名 ① ・ 衝浪
さらけ出す	さらけ出す[さらけだす]  他動1 ④ ・ 暴露出，揭露
さわさわ	さわさわ  副 ① ・ （輕觸薄物時發出的聲音）沙沙聲
しがみつく	しがみつく  自動1 ④ ・ 緊緊抱住；抓住不放手
しとやか	しとやか  ナ形 ② ・ 端莊，文靜
ジャーナリスト	ジャーナリスト  名 ④ ・ 新聞工作者
ジャーナリズム	ジャーナリズム  名 ④ ・ 新聞界
ジレンマ	ジレンマ  名 ② ・ 困境，進退維谷
しんなり	しんなり  副・自動3 ③ ・ 變軟，蔫
スクーター	スクーター  名 ②⓪ ・ 速克達
スケール	スケール  名 ② ・ 比例尺；規模；（人的）度量
ずけずけ	ずけずけ  副 ① ・ 直言不諱，毫不客氣地說
すこぶる	すこぶる  副 ③② ・ 頗，非常
すさまじい	すさまじい  イ形 ④ ・ 猛烈，厲害；可怕，驚人
ステータス	ステータス  名 ② ・ 社會地位，身分
ストック	ストック  名 ② ・ 庫存
すねる	すねる  自動2 ② ・ 鬧彆扭，乖戾，任性撒潑
ずぶぬれ	ずぶぬれ  名 ⓪ ・ 全身濕透
スポット	スポット  名 ② ・ 場所，地點
スポンサー	スポンサー  名 ②⓪ ・ 贊助商
ずれ	ずれ  名 ② ・ 偏差；分歧
スローガン	スローガン  名 ② ・ 標語，口號
セールスマン	セールスマン  名 ④ ・ 推銷員
セルフ	セルフ  接頭 ① ・ 自己
そぎ落とす	そぎ落とす[そぎおとす]  他動1 ④⓪ ・ 削減（不要的部分）
そそる	そそる  他動1 ⓪② ・ 引起，激起（某種感情等）
そっちのけ	そっちのけ  名 ⓪ ・ 不管不顧；優秀，出色
ターミナル	ターミナル  名 ① ・ 終點站；機場大樓
タフ	タフ  ナ形 ① ・ 頑強
ためらう	ためらう  自他動1 ③ ・ 猶豫，躊躇
だらだら	だらだら  副・自動3 ① ・ （液體）往下直流；冗長；傾斜度小而長；散漫
たわいない	たわいない  イ形 ④ ・ 不省人事；輕易；不足道；天真
タンク	タンク  名 ① ・ 罐；坦克
チャーミング	チャーミング  ナ形 ① ・ 有魅力，迷人
てこ入れ	てこ入れ[てこいれ]  名・自動3 ④⓪ ・ 操盤，干預行情；援助
デビュー	デビュー  名・自動3 ① ・ 初次登台，初出茅廬
デマ	デマ  名 ① ・ 誹謗，謠言
どっさり	どっさり  副 ③ ・ 數量多；（重物掉落）咚地一聲
トピック	トピック  名 ①② ・ 話題，主題
どん底	どん底[どんぞこ]  名 ⓪ ・ 底層，最下層，最差的狀態
ないがしろ	ないがしろ  ナ形・名 ⓪ ・ 忽視，小看
馴[な]染み	馴[な]染み[なじみ]  名 ③⓪ ・ 熟悉，熟人
はいはい	はいはい  名・自動3 ① ・ （幼兒用語）爬
はじける	はじける  自動2 ③ ・ （裡面的東西因膨脹而）裂開，綻開
バックアップ	バックアップ  他動3・名 ④ ・ 支援；備份
パッケージ	パッケージ  他動3・名 ① ・ 包裝
はばかる	はばかる  自他動1 ③⓪ ・ 怕，顧忌；橫行霸道
羽ばたく	羽ばたく[はばたく]  自動1 ③ ・ 飛翔
はびこる	はびこる  自動1 ③ ・ 蔓延，叢生；橫行，猖獗
ばらつき	ばらつき  名 ⓪ ・ 參差不齊；數值分布不規則
贔屓[ひいき]	贔屓[ひいき][ひいき]  他動3・名 ① ・ 偏愛，偏袒，袒護
ひずみ	ひずみ  名 ⓪ ・ 歪；不良風氣
ひたむき	ひたむき  ナ形 ⓪ ・ 一心一意，專心致志
ひっそり	ひっそり  副・自動3 ③ ・ 寂靜；默默地
ひらめき	ひらめき  名 ⓪ ・ （在腦海裡）閃現；閃爍
ピンチ	ピンチ  名 ① ・ 緊急關頭，危機
ピント	ピント  名 ⓪ ・ 焦距；要點
ぴんと	ぴんと  副 ⓪① ・ 立刻領會；繃緊；猛地彈起
フォロー	フォロー  他動3・名 ① ・ 幫助；追蹤；（社群媒體的）追蹤
ブランク	ブランク  名 ② ・ 空白；空白期
プログラミング	プログラミング  名・自他動3 ⓪④③ ・ 程式設計
ベース	ベース  名 ①⓪ ・ 基本，基礎
へま	へま  ナ形・名 ① ・ 愚蠢；失敗，搞砸
ホース	ホース  名 ① ・ 軟管，膠皮管
ボクシング	ボクシング  名 ① ・ 拳擊
まだしも	まだしも  副 ① ・ 還行，還可以
まとまり	まとまり  名 ⓪ ・ 一貫性；統一；解決
まとめ	まとめ  名 ⓪ ・ 總結；彙總；調停
まとも	まとも  名・ナ形 ⓪ ・ 正面；正經
まんじゅう	まんじゅう  名 ③ ・ 豆包；包子
水たまり	水たまり[みずたまり]  名 ⓪ ・ 水窪，水坑
みずみずしい	みずみずしい  イ形 ⑤ ・ 水靈靈的，新鮮的
みっちり	みっちり  副 ③ ・ （不偷工減料地）充分（做、學習等）
ミュージカル	ミュージカル  名 ① ・ 音樂的，配樂的；音樂劇
ミュージシャン	ミュージシャン  名 ③① ・ 音樂家
むしゃくしゃ	むしゃくしゃ  副・自動3 ① ・ 煩惱，惱火，心煩意亂
メカニズム	メカニズム  名 ③ ・ 機械結構；機制
めそめそ	めそめそ  副・自動3 ① ・ 低聲哭泣
愛[め]でる	愛[め]でる[めでる]  他動2 ② ・ 欣賞；疼愛
もてなし	もてなし  名 ⓪ ・ 接待，款待，招待
やつれる	やつれる  自動2 ③ ・ 憔悴；落魄
ラグビー	ラグビー  名 ① ・ 橄欖球
リサーチ	リサーチ  他動3・名 ② ・ 研究
リストアップ	リストアップ  他動3・名 ④ ・ 列出，列表
リハビリ	リハビリ  名 ⓪ ・ 醫療指導，復健訓練
リレー	リレー  他動3・名 ⓪① ・ 接力傳遞
レート	レート  名 ⓪① ・ 比例，比率
レギュラー	レギュラー  名 ① ・ 正式成員，正式選手；正規，普通；普通汽油
ロス	ロス  他動3・名 ① ・ 浪費，損耗
扱い	扱い[あつかい]  名 ⓪ ・ 操作；處理；對待
安 堵[ど]	安 堵[ど]  名・自動3 ① ・ 放心，安心
安らぐ	安らぐ[やすらぐ]  自動1 ③ ・ 心情平穩下來
囲う	囲う[かこう]  他動1 ⓪ ・ 圍起來；貯藏；隱匿
意気込み	意気込み[いきごみ]  名 ⓪③④ ・ 幹勁，熱情
意味合い	意味合い[いみあい]  名 ⓪③ ・ （根據前後情況或語境推測出的）含義
異質	異質[いしつ]  ナ形・名 ⓪ ・ 異質，性質不同
移り変わり	移り変わり[うつりかわり]  名 ⓪ ・ 推移，變遷
萎縮	萎縮[いしゅく]  名・自動3 ⓪ ・ 萎縮
衣	衣[ころも]  名 ⓪ ・ 衣服；（食物外面的）糖衣或麵衣
遺憾	遺憾[いかん]  名・ナ形 ⓪ ・ 遺憾
医院	医院[いいん]  名 ① ・ （床位不滿20張的小規模）診所
育む	育む[はぐくむ]  他動1 ③ ・ 孵蛋；養育；培養
一環	一環[いっかん]  名 ⓪③ ・ 一環
一苦労	一苦労[ひとくろう]  名・自動3 ②③ ・ 費一些力氣
一刻	一刻[いっこく]  名 ④⓪ ・ （古代時間單位，約為30分鐘）一刻；片刻
一人ぼっち	一人ぼっち[ひとりぼっち]  名 ④ ・ 孤單一人
一掃	一掃[いっそう]  名・他動3 ⓪ ・ 掃除，清除
一直線	一直線[いっちょくせん]  名 ③④ ・ 一條直線，筆直，徑直
一任	一任[いちにん]  名・他動3 ⓪ ・ 完全交給，全權委託
一目 惚[ぼ]れ	一目 惚[ぼ]れ  名・自動3 ⓪ ・ 一見鍾情
逸脱	逸脱[いつだつ]  名・自他動3 ⓪ ・ 偏離（社會軌道、規矩等）
稲刈り	稲刈り[いねかり]  名 ② ・ 割稻子
引き寄せる	引き寄せる[ひきよせる]  他動2 ④ ・ 拉到跟前；（「惹き寄せる」とも）吸引
引き継ぐ	引き継ぐ[ひきつぐ]  他動1 ③ ・ 接替；繼承
引き抜く	引き抜く[ひきぬく]  他動1 ③ ・ 拔出來；（把人才等）挖過來
引き立てる	引き立てる[ひきたてる]  他動2 ④ ・ 鼓勵；關照；強行拉走；襯托
雨雲	雨雲[あまぐも]  名 ⓪ ・ 雨雲，烏雲
映し出す	映し出す[うつしだす]  他動1 ④ ・ （映）映出；（写）以繪畫、文章等來表現；（映）反映出
いとう	いとう  他動1 ② ・ 討厭，嫌棄；珍重，保重
遠ざける	遠ざける[とおざける]  他動2 ④ ・ 使遠離；疏遠
横着	横着[おうちゃく]  名・ナ形・自動3 ③④ ・ 偷懶，耍滑頭
屋台	屋台[やたい]  名 ① ・ 流動攤位，路邊攤
下請け	下請け[したうけ]  名・他動3 ⓪ ・ 承包，轉包
寡黙	寡黙[かもく]  ナ形・名 ⓪ ・ 沉默寡言
果敢	果敢[かかん]  ナ形 ⓪ ・ 果敢，當機立斷
稼働	稼働[かどう]  名・自他動3 ⓪ ・ 勞動；（機器）運轉
過言	過言[かごん]  名 ⓪ ・ 言過其實
会心	会心[かいしん]  名 ⓪ ・ 滿意，得意
解き放つ	解き放つ[ときはなつ]  他動1 ④⓪ ・ 解開，放開，解放
解析	解析[かいせき]  他動3・名 ⓪ ・ 解析，分析
回想	回想[かいそう]  他動3・名 ⓪ ・ 回想
回避	回避[かいひ]  名・自他動3 ①⓪ ・ 迴避；推卸
快楽	快楽[かいらく]  名 ⓪① ・ 快樂，享樂
快諾	快諾[かいだく]  名・他動3 ⓪ ・ 欣然允諾
悔いる	悔いる[くいる]  他動2 ② ・ 懊悔，後悔
戒める	戒める[いましめる]  他動2 ④⓪ ・ 勸誡；戒除；警戒
改修	改修[かいしゅう]  名・他動3 ⓪ ・ （道路、建築等）改建，修復
海底	海底[かいてい]  名 ⓪ ・ 海底
開園	開園[かいえん]  名・自他動3 ⓪ ・ 開設（公園或幼兒園等）；（公園或幼兒園等）開門
開業	開業[かいぎょう]  名・自他動3 ⓪ ・ 開業；正在營業
開校	開校[かいこう]  名・自他動3 ⓪ ・ 開設學校，建校
外的	外的[がいてき]  ナ形 ⓪ ・ 外部的
概観	概観[がいかん]  他動3・名 ⓪ ・ 概覽，概觀
概略	概略[がいりゃく]  名 ⓪ ・ 概略，概要
街灯	街灯[がいとう]  名 ⓪ ・ 街燈，路燈
核心	核心[かくしん]  名 ⓪ ・ 核心，關鍵
隔週	隔週[かくしゅう]  名 ⓪ ・ 隔一週
割り振る	割り振る[わりふる]  他動1 ③ ・ 分攤，分派
割り当て	割り当て[わりあて]  名 ⓪ ・ 分配，分攤
喚起	喚起[かんき]  他動3・名 ① ・ 喚起，提醒
堪能	堪能[たんのう]  名・ナ形・自他動3 ⓪ ・ 精通；十分滿足，享受
完結	完結[かんけつ]  名・自動3 ⓪ ・ 完結，結束
感銘	感銘[かんめい]  名 ⓪ ・ 銘感，銘刻在心中
簡便	簡便[かんべん]  ナ形・名 ⓪ ・ 簡便
肝要	肝要[かんよう]  名・ナ形 ⓪ ・ 重要，關鍵
鑑みる	鑑みる[かんがみる]  自他動2 ④ ・ 鑑於
閑静	閑静[かんせい]  ナ形・名 ① ・ 清淨，幽靜
顔負け	顔負け[かおまけ]  名・自動3 ⓪ ・ 相形見絀
危惧	危惧[きぐ]  他動3・名 ① ・ 危懼，擔心，擔憂
寄り添う	寄り添う[よりそう]  自動1 ③ ・ （身體）貼近，挨近
気まずい	気まずい[きまずい]  イ形 ⓪③ ・ 不融洽的，不愉快的，尷尬
気概	気概[きがい]  名 ⓪ ・ 氣概，氣魄
気遣う	気遣う[きづかう]  他動1 ③ ・ 擔心，掛念
気合	気合[きあい]  名 ⓪ ・ 氣勢，勁頭
気心	気心[きごころ]  名 ②⓪ ・ 性情，脾氣，性格
偽る	偽る[いつわる]  他動1 ③ ・ 歪曲，說謊；冒充，欺騙
戯れる	戯れる[たわむれる]  自動2 ④ ・ 玩耍；鬧著玩；調情
疑わしい	疑わしい[うたがわしい]  イ形 ⑤⓪ ・ 可疑的；不確定
議事	議事[ぎじ]  名 ① ・ 議事
逆行	逆行[ぎゃっこう]  名・自動3 ⓪ ・ 逆行，倒行，退行，開倒車
急 遽[きょ]	急 遽[きょ]  副 ① ・ 匆忙，倉皇
急務	急務[きゅうむ]  名 ① ・ 緊急任務，當務之急
球根	球根[きゅうこん]  名 ⓪ ・ （植物）球根
球状	球状[きゅうじょう]  名 ⓪ ・ 球狀
究明	究明[きゅうめい]  名・他動3 ⓪ ・ 調查清楚
巨匠	巨匠[きょしょう]  名 ⓪ ・ （藝術領域的）巨匠，泰斗
拒む	拒む[こばむ]  他動1 ② ・ 拒絕；阻擋
挙句の果て	挙句の果て[あげくのはて]  成句 ・ 歸根到底，最終
漁獲	漁獲[ぎょかく]  名 ⓪ ・ 捕獲水產品；捕魚
供与	供与[きょうよ]  名・他動3 ① ・ 供給，提供
競合	競合[きょうごう]  名・自動3 ⓪ ・ 競爭
凶器	凶器[きょうき]  名 ① ・ 兇器
強要	強要[きょうよう]  他動3・名 ⓪ ・ 強行要求
恐竜	恐竜[きょうりゅう]  名 ⓪ ・ 恐龍
狂気	狂気[きょうき]  名 ① ・ 發瘋，發狂
狭める	狭める[せばめる]  他動2 ③ ・ 縮小，縮短（空間、間隔、範圍等）
仰天	仰天[ぎょうてん]  名・自動3 ⓪③ ・ 非常吃驚
凝縮	凝縮[ぎょうしゅく]  名・自他動3 ⓪ ・ 凝縮，凝聚
暁	暁[あかつき]  名 ⓪ ・ 黎明時分；……之際
局面	局面[きょくめん]  名 ③⓪ ・ 局面，局勢
極力	極力[きょくりょく]  副 ②⓪ ・ 極力，盡量
均質	均質[きんしつ]  名・ナ形 ⓪ ・ 均質，等質
緊迫	緊迫[きんぱく]  名・自動3 ⓪ ・ 緊迫，緊張
緊密	緊密[きんみつ]  名・ナ形 ⓪ ・ 緊密，密切
金具	金具[かなぐ]  名 ⓪ ・ 小五金，金屬零件
駆け寄る	駆け寄る[かけよる]  自動1 ③⓪ ・ 跑到跟前
駆除	駆除[くじょ]  名・他動3 ① ・ （用藥劑等）消滅，驅除
空白	空白[くうはく]  名・ナ形 ⓪ ・ 空白
串	串[くし]  名 ② ・ 串，竹籤
憩い	憩い[いこい]  名 ⓪ ・ 休息
敬遠	敬遠[けいえん]  名・他動3 ⓪ ・ 敬而遠之，有意迴避
景観	景観[けいかん]  名 ⓪ ・ 景觀，風景
欠航	欠航[けっこう]  名・自動3 ⓪ ・ （船舶、飛機）停運
結び付き	結び付き[むすびつき]  名 ⓪ ・ 結合，聯繫，關係
血縁	血縁[けつえん]  名 ⓪ ・ 血緣
血行	血行[けっこう]  名 ⓪ ・ 血液循環
懸念	懸念[けねん]  他動3・名 ①⓪ ・ 擔心，惦記
検閲	検閲[けんえつ]  名・他動3 ⓪ ・ 審查
検証	検証[けんしょう]  名・他動3 ⓪ ・ 驗證，檢驗；勘驗
見とれる	見とれる[みとれる]  自動2 ⓪ ・ 看入迷
見栄え	見栄え[みばえ]  名 ⓪③② ・ （顯得）好看，美觀
見越す	見越す[みこす]  他動1 ②⓪ ・ 預料，預測
見境	見境[みさかい]  名 ⓪ ・ 分辨（事物，判斷善惡好壞）
見極める	見極める[みきわめる]  他動2 ④⓪ ・ 看透（事物的本質）；弄清楚
見識	見識[けんしき]  名 ⓪ ・ 見識，見地，見解
見受ける	見受ける[みうける]  他動2 ③⓪ ・ 看上去（看後判斷出）；看到
見入る	見入る[みいる]  自他動1 ②⓪ ・ 注視，看得出神
見聞	見聞[けんぶん]  名・他動3 ⓪ ・ 見聞，知識
見返り	見返り[みかえり]  名 ⓪ ・ 回頭看，回顧；抵押品，回報
元手	元手[もとで]  名 ⓪ ・ 本錢，本金
元祖	元祖[がんそ]  名 ① ・ 第一代祖先；鼻祖，創始者
原点	原点[げんてん]  名 ①⓪ ・ 原點，基準點；出發點，根源
原動力	原動力[げんどうりょく]  名 ③ ・ 動力，原動力
原油	原油[げんゆ]  名 ⓪ ・ 原油
幻想	幻想[げんそう]  名・他動3 ⓪ ・ 幻想
減税	減税[げんぜい]  名・自他動3 ⓪ ・ 減稅
現役	現役[げんえき]  名 ⓪ ・ 現役（人員）；應屆大學入學考考生
言い回し	言い回し[いいまわし]  名 ⓪ ・ 措詞
言い残す	言い残す[いいのこす]  他動1 ④ ・ 未說完；留話，遺言
言い渡す	言い渡す[いいわたす]  他動1 ④ ・ （上對下）宣告，宣判
言い放つ	言い放つ[いいはなつ]  他動1 ④ ・ 斷言
言及	言及[げんきゅう]  名・自動3 ⓪ ・ 提及，說到
言動	言動[げんどう]  名 ⓪ ・ 言語和行動，言行
古めかしい	古めかしい[ふるめかしい]  イ形 ⑤ ・ 古色古香的
呼び寄せる	呼び寄せる[よびよせる]  他動2 ④ ・ 叫來
戸惑う	戸惑う[とまどう]  自動1 ③ ・ 困惑，不知所措
もも	もも  名 ① ・ 大腿
顧問	顧問[こもん]  名 ① ・ 顧問
五感	五感[ごかん]  名 ⓪ ・ （視覺、聽覺、嗅覺、味覺、觸覺的）五感
後ろめたい	後ろめたい[うしろめたい]  イ形 ⑤ ・ 內疚，虧心
後援	後援[こうえん]  名・他動3 ⓪ ・ 後援，支援；援軍
誤作動	誤作動[ごさどう]  名・自動3 ② ・ 運轉失誤，控制失靈
交錯	交錯[こうさく]  名・自動3 ⓪ ・ 交錯，錯雜
効能	効能[こうのう]  名 ⓪ ・ 效能，功效
厚生	厚生[こうせい]  名 ⓪ ・ 厚生，保健
口出し	口出し[くちだし]  名・自動3 ⓪ ・ 插嘴，干預
工程	工程[こうてい]  名 ⓪ ・ 工序；階段
工面	工面[くめん]  名・他動3 ①⓪ ・ 設法籌措；經濟狀況
広大	広大[こうだい]  名・ナ形 ⓪ ・ 廣闊，宏大
恒例	恒例[こうれい]  名 ⓪ ・ 慣例，常規
控え室	控え室[ひかえしつ]  名 ③② ・ 等候室，休息室
更生	更生[こうせい]  名・自他動3 ⓪ ・ 更生，復興；改過自新；廢物再利用
校正	校正[こうせい]  他動3・名 ⓪ ・ 校對，校正
構想	構想[こうそう]  名・他動3 ⓪ ・ 構想，設想
構築	構築[こうちく]  他動3・名 ⓪ ・ 構築，建立
行き届く	行き届く[いきとどく]  自動1 ④ ・ 周到，無微不至
行く手	行く手[ゆくて]  名 ⓪③ ・ 去處，前方，前途
講読	講読[こうどく]  名・他動3 ⓪ ・ 講解
高々	高々[たかだか]  副 ② ・ 高高地；高聲地；頂多
高額	高額[こうがく]  名・ナ形 ⓪ ・ 高額，鉅額；大額
高揚	高揚[こうよう]  名・自他動3 ⓪ ・ 高昂
克明	克明[こくめい]  ナ形 ⓪② ・ 細緻，詳細
困惑	困惑[こんわく]  名・自動3 ⓪ ・ 困惑，不知所措
根源	根源[こんげん]  名 ③⓪ ・ 根源
差異	差異[さい]  名 ① ・ 差異，不同之處
査定	査定[さてい]  名・他動3 ⓪ ・ 評估，評定
彩り	彩り[いろどり]  名 ④⓪ ・ 彩色，著色；配色，色彩搭配；情趣，趣味
採取	採取[さいしゅ]  名・他動3 ①⓪ ・ 採集，選取，提取
歳月	歳月[さいげつ]  名 ① ・ 歲月，年月
細心	細心[さいしん]  名・ナ形 ⓪ ・ 細心，小心謹慎
細分	細分[さいぶん]  他動3・名 ⓪ ・ 細分，詳細劃分
財	財[ざい]  名 ① ・ 財產，財富；財寶
作動	作動[さどう]  名・自動3 ⓪ ・ （機械裝置）工作，發動
柵	柵[さく]  名 ②① ・ 柵欄
擦り切れる	擦り切れる[すりきれる]  自動2 ④⓪ ・ 磨損，磨破
雑貨	雑貨[ざっか]  名 ⓪ ・ 雜貨
雑踏	雑踏[ざっとう]  名・自動3 ⓪ ・ 擁擠（的人群）
さらす	さらす  他動1 ⓪ ・ 曝曬；暴露於
山積	山積[さんせき]  名・自動3 ⓪ ・ 堆積如山
仕掛け	仕掛け[しかけ]  名 ⓪ ・ 開始做，做到一半；裝置，機關
仕業	仕業[しわざ]  名 ⓪ ・ 勾當，搗鬼
仕込む	仕込む[しこむ]  他動1 ② ・ 訓練，指導；（飯店、商店）進貨；釀造
仕分け	仕分け[しわけ]  名・他動3 ⓪ ・ 區分，分類
仕返し	仕返し[しかえし]  名・自動3 ⓪ ・ 報復；重做
使い勝手	使い勝手[つかいがって]  名 ④ ・ （工具、房屋等的）使用體驗
市議会	市議会[しぎかい]  名 ② ・ 市議會
志願	志願[しがん]  名・自他動3 ① ・ 志願，報名，申請
思い詰める	思い詰める[おもいつめる]  自他動2 ⑤ ・ 鑽牛角尖，想不開
思い上がる	思い上がる[おもいあがる]  自動1 ⑤ ・ 驕傲自大
思い入れ	思い入れ[おもいいれ]  名 ⓪ ・ 對某事有很深的感情；沉思的表情
思い悩む	思い悩む[おもいなやむ]  自動1 ⑤⓪ ・ 苦惱，發愁，傷腦筋
思索	思索[しさく]  名・自他動3 ⓪ ・ 思考，思索
思春期	思春期[ししゅんき]  名 ② ・ 青春期
指向	指向[しこう]  他動3・名 ⓪ ・ 指向，面向
指数	指数[しすう]  名 ② ・ （經濟、數學上的）指數
支障	支障[ししょう]  名 ⓪ ・ 障礙
死後	死後[しご]  名 ① ・ 死後
死滅	死滅[しめつ]  名・自動3 ⓪ ・ 死絕，滅絕，絕種
私的	私的[してき]  ナ形 ⓪ ・ 私人的，個人的
紫外線	紫外線[しがいせん]  名 ⓪ ・ 紫外線
試練	試練[しれん]  名 ①⓪ ・ 鍛鍊，考驗
歯止め	歯止め[はどめ]  名 ⓪③ ・ 車閘；煞住
事象	事象[じしょう]  名 ⓪ ・ 事態，現象
似たり寄ったり	似たり寄ったり[にたりよったり]  名・ナ形 ②+③,④ ・ 半斤八兩，大同小異
字体	字体[じたい]  名 ⓪ ・ 字體
持ちかける	持ちかける[もちかける]  他動2 ④⓪ ・ 提出話題，倡議
持て余す	持て余す[もてあます]  他動1 ④⓪ ・ 難於處理，無法對付
時代遅れ	時代遅れ[じだいおくれ]  ナ形・名 ④ ・ 過時，落伍
自国	自国[じこく]  名 ①⓪ ・ 本國
自粛	自粛[じしゅく]  名・他動3 ⓪ ・ 自慎，自我約束
自制	自制[じせい]  名・自他動3 ⓪ ・ 自制，自我克制
軸	軸[じく]  名 ② ・ 軸，中心
実況	実況[じっきょう]  名 ⓪ ・ 實況
実在	実在[じつざい]  名・自動3 ⓪ ・ 實際存在
煮詰める	煮詰める[につめる]  他動2 ③ ・ 把……煮得沒有水分；使（問題）接近解決，使（討論、計畫等）進入最後階段
遮断	遮断[しゃだん]  名・他動3 ⓪ ・ 切斷，阻隔
邪悪	邪悪[じゃあく]  ナ形・名 ⓪ ・ 邪惡
釈明	釈明[しゃくめい]  名・自他動3 ⓪ ・ 闡明，說明，申明，辯解
弱音	弱音[よわね]  名 ⓪② ・ 洩氣的話
弱肉強食	弱肉強食[じゃくにくきょうしょく]  名 ⓪+⓪ ・ 弱肉強食
主演	主演[しゅえん]  名・自動3 ⓪ ・ 主演，主角
主旨	主旨[しゅし]  名 ① ・ 主旨，中心思想
主体性	主体性[しゅたいせい]  名 ⓪ ・ 自主性；主體性
取りやめる	取りやめる[とりやめる]  他動2 ④⓪ ・ 停止，中止，取消
取り立てて	取り立てて[とりたてて]  副 ⓪ ・ （並不）值得一提
取り立てる	取り立てる[とりたてる]  他動2 ④⓪ ・ 催收，強徵；提拔；特別列舉
手がける	手がける[てがける]  他動2 ③ ・ 親自負責，親自培養
手先	手先[てさき]  名 ③ ・ 手指尖；手下，爪牙
殊更	殊更[ことさら]  副 ⓪ ・ 特別；故意
種子	種子[しゅし]  名 ① ・ 種子
受け答え	受け答え[うけこたえ]  名・自動3 ⓪ ・ 應答，對答，應付
受注	受注[じゅちゅう]  名・他動3 ⓪ ・ 接受訂貨
収束	収束[しゅうそく]  名・自他動3 ⓪ ・ 平息，得到解決
就任	就任[しゅうにん]  名・自動3 ⓪ ・ 就任
修業	修業[しゅぎょう]  名・自他動3 ⓪ ・ 學習（技能），鑽研
修士	修士[しゅうし]  名 ① ・ 碩士
修復	修復[しゅうふく]  名・他動3 ⓪ ・ 修復
終止	終止[しゅうし]  名・自動3 ⓪ ・ 終止
終止符	終止符[しゅうしふ]  名 ③ ・ （英文）句點，句號；結局
終息	終息[しゅうそく]  名・自動3 ⓪ ・ 停息，結束
集い	集い[つどい]  名 ②⓪ ・ 聚會，集會
集大成	集大成[しゅうたいせい]  名・他動3 ③ ・ 集大成，匯集
住人	住人[じゅうにん]  名 ⓪ ・ 居民
充足	充足[じゅうそく]  名・自他動3 ⓪ ・ 充足；補充
従属	従属[じゅうぞく]  名・自動3 ⓪ ・ 從屬，附屬
渋み	渋み[しぶみ]  名 ③ ・ 澀味；（帶有古樸味道的）優雅沉著
重圧	重圧[じゅうあつ]  名 ⓪ ・ 沉重的壓力
重厚	重厚[じゅうこう]  ナ形・名 ⓪ ・ （性格等）沉著，莊重
重心	重心[じゅうしん]  名 ⓪ ・ 重心，平衡
熟慮	熟慮[じゅくりょ]  他動3・名 ① ・ 深思熟慮
出題	出題[しゅつだい]  名・自他動3 ⓪ ・ 出題
出番	出番[でばん]  名 ⓪② ・ 值班；出場（做某事）
瞬時	瞬時[しゅんじ]  名 ① ・ 瞬間
順応	順応[じゅんのう]  名・自動3 ⓪ ・ 順應，適應
もろもろ	もろもろ  名 ⓪ ・ 諸多，許多
助長	助長[じょちょう]  他動3・名 ⓪ ・ 助長，促進
小心	小心[しょうしん]  ナ形・名 ③⓪ ・ 膽小，小心謹慎
小路	小路[こうじ]  名 ①⓪ ・ 小巷，胡同
消え去る	消え去る[きえさる]  自動1 ③ ・ 消失
照会	照会[しょうかい]  名・他動3 ⓪ ・ 詢問，查詢
衝動	衝動[しょうどう]  名 ⓪ ・ 衝動
上書き	上書き[うわがき]  名・他動3 ⓪ ・ 寫在上面；（電腦用語）覆蓋
上陸	上陸[じょうりく]  名・自動3 ⓪ ・ 登陸
乗り気	乗り気[のりき]  ナ形・名 ⓪ ・ 起勁，有興趣
乗り出す	乗り出す[のりだす]  自他動1 ③ ・ 乘（車船等）出去；著手；探出
場当たり	場当たり[ばあたり]  名・ナ形 ②⓪ ・ 即興；權宜
拭き取る	拭き取る[ふきとる]  他動1 ③ ・ 擦拭，擦掉
植木鉢	植木鉢[うえきばち]  名 ③ ・ 花盆
色とりどり	色とりどり[いろとりどり]  名・ナ形 ④ ・ 五彩繽紛；形形色色
色気	色気[いろけ]  名 ③ ・ 色澤；性誘惑力，春心；風趣
色合い	色合い[いろあい]  名 ⓪ ・ 色調；色彩
触発	触発[しょくはつ]  名・自他動3 ⓪ ・ 受到刺激（而去做某事）
食い止める	食い止める[くいとめる]  他動2 ④⓪ ・ 防止，阻止，控制住（情況的發展或擴大）
心外	心外[しんがい]  名 ⓪ ・ （對方的行為或事情的結果出乎意料而感到）遺憾，意外
心地よい	心地よい[ここちよい]  イ形 ④ ・ 愜意的，舒適的
新奇	新奇[しんき]  ナ形・名 ① ・ 新奇事物
浸る	浸る[ひたる]  自動1 ⓪② ・ 浸；沉迷
深化	深化[しんか]  名・自他動3 ① ・ 深化，加深
真偽	真偽[しんぎ]  名 ① ・ 真偽
真上	真上[まうえ]  名 ③ ・ 正上方
真正面	真正面[ましょうめん]  名 ②④ ・ 正對面
神経質	神経質[しんけいしつ]  名・ナ形 ③ ・ 神經質，過度在意
親近感	親近感[しんきんかん]  名 ③ ・ 親切感
親心	親心[おやごころ]  名 ③ ・ 父母心；父母般的關懷
親方	親方[おやかた]  名 ③④⓪ ・ 老闆，工頭，師傅
親密	親密[しんみつ]  名・ナ形 ⓪ ・ 親密，密切
人並み	人並み[ひとなみ]  名・ナ形 ⓪ ・ 普通，尋常
塵[ちり]	塵[ちり][ちり]  名 ⓪ ・ 灰塵，汙垢，垃圾；少許，絲毫（不）
尽力	尽力[じんりょく]  名・自動3 ①⓪ ・ 盡力，努力
推理	推理[すいり]  名・他動3 ① ・ 推理，推斷
水深	水深[すいしん]  名 ⓪ ・ 水深
水槽	水槽[すいそう]  名 ⓪ ・ 水槽；魚缸
雛[ひな]	雛[ひな][ひな]  名・造 ① ・ 雛鳥；（三月三日女兒節陳列的）古裝玩偶；小而可愛
据え置き	据え置き[すえおき]  名 ⓪ ・ （價格）不變動；擱置；（存款、債券等）凍結
寸前	寸前[すんぜん]  名 ⓪ ・ 迫在眉睫；臨近
性急	性急[せいきゅう]  名・ナ形 ⓪ ・ 性急，急躁
成り行き	成り行き[なりゆき]  名 ⓪ ・ 趨勢，推移
成員	成員[せいいん]  名 ⓪ ・ 成員
成就	成就[じょうじゅ]  名・自他動3 ① ・ 成就，實現
政策	政策[せいさく]  名 ⓪ ・ 政策
晴らす	晴らす[はらす]  他動1 ② ・ 消除；雪除
晴れ渡る	晴れ渡る[はれわたる]  自動1 ④⓪ ・ 完全放晴
生々しい	生々しい[なまなましい]  イ形 ⑤ ・ 非常新，生動，鮮明，逼真
生動	生動[せいどう]  名・自動3 ⓪ ・ 生動，栩栩如生
盛り付け	盛り付け[もりつけ]  名 ⓪ ・ 裝盤擺設
精算	精算[せいさん]  名・他動3 ⓪ ・ 細算；補（票）
精度	精度[せいど]  名 ① ・ 精度
精力	精力[せいりょく]  名 ① ・ 精力
請け負う	請け負う[うけおう]  他動1 ③⓪ ・ 承包（工程等）
積み木	積み木[つみき]  名 ⓪ ・ 積木
積み立てる	積み立てる[つみたてる]  他動2 ④ ・ 積攢，積累
跡地	跡地[あとち]  名 ⓪② ・ 舊地皮，舊址
切り抜ける	切り抜ける[きりぬける]  他動2 ④⓪ ・ 殺出，突圍；擺脫，逃脫，闖過
切り離す	切り離す[きりはなす]  他動1 ④⓪ ・ 割開，斷開
切望	切望[せつぼう]  名・他動3 ⓪ ・ 切盼，殷切期望
接点	接点[せってん]  名 ① ・ 交接點；相同處
摂取	摂取[せっしゅ]  名・他動3 ①⓪ ・ 攝取，吸收
折	折[おり]  名 ② ・ 時機；時候
説く	説く[とく]  他動1 ① ・ 說明
絶妙	絶妙[ぜつみょう]  ナ形・名 ⓪ ・ 絕妙，高超
せみ	せみ  名 ⓪ ・ 蟬
先だって	先だって[せんだって]  名・副 ⓪⑤ ・ 前幾天，前些日子
先述	先述[せんじゅつ]  他動3・名 ⓪ ・ 前述，上述
先走る	先走る[さきばしる]  自動1 ④ ・ 出風頭，貿然行事
先導	先導[せんどう]  他動3・名 ⓪ ・ 先導，帶路
先方	先方[せんぽう]  名 ⓪ ・ 對方
戦前	戦前[せんぜん]  名 ⓪ ・ （特指第二次世界大戰前）戰前
浅はか	浅はか[あさはか]  ナ形 ② ・ 膚淺，淺薄
潜水	潜水[せんすい]  名・自動3 ⓪ ・ 潛水
素振り	素振り[そぶり]  名 ①⓪ ・ 神態、舉止中表現出來的樣子
操縦	操縦[そうじゅう]  名・他動3 ⓪ ・ 駕駛；操縱
相手取る	相手取る[あいてどる]  他動1 ④ ・ 以……為對手爭執，（特指）起訴……
総じて	総じて[そうじて]  副 ⓪① ・ 總的來說
増殖	増殖[ぞうしょく]  名・自他動3 ⓪ ・ 增殖，繁殖
増税	増税[ぞうぜい]  名・自他動3 ⓪ ・ 增稅
則[のっと]る	則[のっと]る[のっとる]  自動1 ③ ・ 遵守，遵照，遵循
即刻	即刻[そっこく]  副 ⓪ ・ 立即
足取り	足取り[あしどり]  名 ⓪④ ・ 步伐；行蹤
尊厳	尊厳[そんげん]  ナ形・名 ⓪③ ・ 尊嚴
損ねる	損ねる[そこねる]  他動2 ③ ・ 損害；（前接動詞的連用形）失去機會
損傷	損傷[そんしょう]  名・自他動3 ⓪ ・ 損傷
村落	村落[そんらく]  名 ①⓪ ・ 村落，村莊
多角	多角[たかく]  名 ⓪ ・ 多角；多方面
多岐	多岐[たき]  名・ナ形 ① ・ 涉及多方面
多発	多発[たはつ]  名・自動3 ⓪ ・ 多發
打ち解ける	打ち解ける[うちとける]  自動2 ⓪④ ・ 親密，融洽，無隔閡
うってつけ	うってつけ  ナ形 ⓪ ・ 理想，合適，適合
打診	打診[だしん]  名・他動3 ⓪ ・ 叩診；打探，試探
耐性	耐性[たいせい]  名 ⓪ ・ （植物的耐熱性、耐寒性等）抗性；（細菌的）抗藥性
待ち受ける	待ち受ける[まちうける]  他動2 ④⓪ ・ （做好心理準備後）等待
待機	待機[たいき]  名・自動3 ①⓪ ・ 待命，等待時機
代行	代行[だいこう]  名・他動3 ⓪ ・ 代行，代辦
代講	代講[だいこう]  名・自他動3 ⓪ ・ 代課
大がかり	大がかり[おおがかり]  ナ形 ③ ・ 大規模
大口	大口[おおぐち]  名 ⓪ ・ 大宗（買賣、訂單等）
大正	大正[たいしょう]  名 ⓪ ・ 大正年號（1912年—1926年）
大台	大台[おおだい]  名 ⓪ ・ （金額、數量的）大關，整數關口
大便	大便[だいべん]  名 ③ ・ 大便
大粒	大粒[おおつぶ]  ナ形・名 ⓪ ・ 大顆，大粒
第三者	第三者[だいさんしゃ]  名 ①+① ・ 第三者，局外人
託す	託す[たくす]  他動1 ② ・ 託付，委託；託詞；寄託
脱	脱[だつ]  造 ・ 脫離……
丹精	丹精[たんせい]  名・自動3 ① ・ 精心，竭力，心血
単独	単独[たんどく]  名 ⓪ ・ 單獨，獨自
探知	探知[たんち]  名・他動3 ⓪① ・ 探知，探查
探偵	探偵[たんてい]  名・他動3 ⓪ ・ 偵探，偵查
たたえる	たたえる  他動2 ③②⓪ ・ 裝滿；洋溢
短絡	短絡[たんらく]  名・自他動3 ⓪ ・ 武斷；短路
端的	端的[たんてき]  ナ形 ⓪ ・ 直截了當；明顯，清楚
断ち切る	断ち切る[たちきる]  他動1 ③⓪ ・ 切斷；斷絕
断念	断念[だんねん]  名・他動3 ③ ・ 死心，放棄
知覚	知覚[ちかく]  他動3・名 ⓪ ・ （視覺、聽覺、嗅覺、味覺、觸覺）知覺；（透過感覺器官的作用）察覺，辨別
地殻	地殻[ちかく]  名 ⓪ ・ 地殼
地形	地形[ちけい]  名 ⓪ ・ 地形
置き去り	置き去り[おきざり]  名 ⓪ ・ 丟下不管
着色	着色[ちゃくしょく]  名・自他動3 ⓪ ・ 著色，上顏色
中枢	中枢[ちゅうすう]  名 ⓪ ・ 中樞，樞紐，關鍵
仲間入り	仲間入り[なかまいり]  名・自動3 ⓪ ・ 加入……的行列
虫食い	虫食い[むしくい]  名 ⓪③ ・ 蟲蛀
兆候	兆候[ちょうこう]  名 ⓪ ・ 徵兆，跡象
聴衆	聴衆[ちょうしゅう]  名 ⓪ ・ 聽眾
調達	調達[ちょうたつ]  名・他動3 ⓪ ・ 籌措，籌備
追い払う	追い払う[おいはらう]  他動1 ④ ・ 轟走，驅趕，驅逐
追究	追究[ついきゅう]  名・他動3 ⓪ ・ 追求，弄清
痛手	痛手[いたで]  名 ⓪ ・ 重傷；沉重的打擊
通報	通報[つうほう]  名・他動3 ⓪ ・ 通報，通知；報警
鶴	鶴[つる]  名 ① ・ 鶴，仙鶴
低迷	低迷[ていめい]  名・自動3 ⓪ ・ 低垂，瀰漫；低迷，低潮
呈示	呈示[ていじ]  他動3・名 ①⓪ ・ 出示（證件等）
定か	定か[さだか]  ナ形 ① ・ 確定，清楚，明確
定時	定時[ていじ]  名 ① ・ 定時，準時；定期
定職	定職[ていしょく]  名 ⓪ ・ 穩定的工作
定説	定説[ていせつ]  名 ⓪ ・ 定論
定番	定番[ていばん]  名 ⓪ ・ 常規，固定（的商品）
ほどほど	ほどほど  名 ⓪ ・ 適當，恰當
締めつける	締めつける[しめつける]  他動2 ④⓪ ・ 用力勒緊；嚴加管教
締結	締結[ていけつ]  名・他動3 ⓪ ・ （條約、協定等）締結，簽訂
摘出	摘出[てきしゅつ]  名・他動3 ⓪ ・ 摘除，取出；指出，摘出
摘発	摘発[てきはつ]  他動3・名 ⓪ ・ 揭發，檢舉
的	的[まと]  名 ⓪ ・ 靶子；目標
撤廃	撤廃[てっぱい]  名・他動3 ⓪ ・ 取消，撤銷
天体	天体[てんたい]  名 ⓪ ・ 天體
天文	天文[てんもん]  名 ⓪ ・ 天文
転化	転化[てんか]  名・自動3 ①⓪ ・ 轉化，轉變
伝承	伝承[でんしょう]  他動3・名 ⓪ ・ 口傳，代代相傳
度外視	度外視[どがいし]  名・他動3 ② ・ 置之度外
冬山	冬山[ふゆやま]  名 ⓪ ・ 冬天的山
投げ出す	投げ出す[なげだす]  他動1 ③⓪ ・ 扔，拋出；中途放棄；豁出去
投球	投球[とうきゅう]  名・自動3 ⓪ ・ 投球
東南	東南[とうなん]  名 ⓪ ・ 東南
踏み越える	踏み越える[ふみこえる]  自動2 ④ ・ 踏過去；渡過（難關）
踏み入れる	踏み入れる[ふみいれる]  他動2 ④ ・ 踏入（場所、領域）
同然	同然[どうぜん]  ナ形・名 ⓪ ・ 幾乎一樣
同伴	同伴[どうはん]  名・自他動3 ⓪ ・ 陪同，（男女）同行
胴	胴[どう]  名 ① ・ （動物的）軀體；腰身
道のり	道のり[みちのり]  名 ⓪ ・ 路程，距離
道筋	道筋[みちすじ]  名 ⓪ ・ 道路；道理，條理
独学	独学[どくがく]  名・他動3 ⓪ ・ 自學
突き止める	突き止める[つきとめる]  他動2 ④ ・ 追究，徹底查明（真相等）
突き出す	突き出す[つきだす]  他動1 ③ ・ 伸出，探出；（迅速向前）突出，推出；押送
突き放す	突き放す[つきはなす]  他動1 ④ ・ 強行推開；冷淡對待；冷眼旁觀
難航	難航[なんこう]  名・自動3 ⓪ ・ 難以航行；進展遲緩
日和	日和[ひより]  名 ⓪ ・ 天氣；晴天；形勢
入荷	入荷[にゅうか]  名・自他動3 ⓪ ・ 進貨，到貨
入念	入念[にゅうねん]  名・ナ形 ⓪ ・ 細心，精心，周到
忍ぶ	忍ぶ[しのぶ]  自他動1 ②⓪ ・ 躲避，避開；忍受，忍耐；隱藏，潛伏
認知	認知[にんち]  他動3・名 ①⓪ ・ （心理上的）認知
熱湯	熱湯[ねっとう]  名 ⓪ ・ 沸騰的熱水，滾燙的水
熱量	熱量[ねつりょう]  名 ② ・ 熱量；熱情的程度
年俸	年俸[ねんぽう]  名 ⓪ ・ 年薪
念入り	念入り[ねんいり]  ナ形 ⓪④ ・ 周到，細緻
捻出	捻出[ねんしゅつ]  名・他動3 ⓪ ・ 籌措；想出
濃密	濃密[のうみつ]  ナ形 ⓪ ・ 濃厚，濃密
納期	納期[のうき]  名 ① ・ 交貨期
農場	農場[のうじょう]  名 ③⓪ ・ 農場
波及	波及[はきゅう]  名・自動3 ⓪ ・ 波及
破綻	破綻[はたん]  名・自動3 ⓪ ・ 破裂，失敗，破產
羽目	羽目[はめ]  名 ② ・ 困境
廃棄物	廃棄物[はいきぶつ]  名 ③ ・ 廢棄物
配付	配付[はいふ]  名・他動3 ⓪① ・ 分配，分發（給某個固定群體）
培う	培う[つちかう]  他動1 ③ ・ 培育，培養
拍子	拍子[ひょうし]  名 ③⓪ ・ 節拍；當……
薄まる	薄まる[うすまる]  自動1 ③⓪ ・ 變淺，變淡
発育	発育[はついく]  名・自動3 ⓪ ・ 發育，成長
発酵	発酵[はっこう]  名・自動3 ⓪ ・ 發酵
発注	発注[はっちゅう]  名・他動3 ⓪ ・ 訂購
発病	発病[はつびょう]  名・自動3 ⓪ ・ 發病，得病
罰	罰[ばつ]  名 ① ・ 懲罰，處罰
抜きん出る	抜きん出る[ぬきんでる]  自他動2 ④ ・ 出類拔萃
抜き打ち	抜き打ち[ぬきうち]  名 ⓪ ・ 拔刀就砍；突襲
抜群	抜群[ばつぐん]  名・ナ形 ⓪ ・ 超群
抜粋	抜粋[ばっすい]  名・他動3 ⓪ ・ 摘錄
販路	販路[はんろ]  名 ① ・ 賣路
煩雑	煩雑[はんざつ]  名・ナ形 ⓪ ・ 繁雜，麻煩
番人	番人[ばんにん]  名 ③ ・ 值班人，看守人
否めない	否めない[いなめない]  連語 ③ ・ 不可否認的
秘める	秘める[ひめる]  他動2 ② ・ 隱藏，隱秘
飛躍	飛躍[ひやく]  名・自動3 ⓪ ・ 跳躍；飛躍；不連貫
微生物	微生物[びせいぶつ]  名 ② ・ 微生物
美化	美化[びか]  他動3・名 ① ・ 美化
必須	必須[ひっす]  ナ形・名 ⓪① ・ 必須，必要
必然性	必然性[ひつぜんせい]  名 ⓪ ・ 必然性
表向き	表向き[おもてむき]  名 ⓪ ・ 表面，外表；公開
貧富	貧富[ひんぷ]  名 ① ・ 貧富
不穏	不穏[ふおん]  名・ナ形 ⓪ ・ 不穩定，險惡
不可解	不可解[ふかかい]  名・ナ形 ② ・ 難以理解，不可思議
不慣れ	不慣れ[ふなれ]  ナ形・名 ① ・ 不習慣，不熟悉
不祥事	不祥事[ふしょうじ]  名 ② ・ 醜聞，壞事
不信	不信[ふしん]  ナ形・名 ⓪ ・ 不相信；不誠實；沒有信仰
不信感	不信感[ふしんかん]  名 ② ・ 不信任的感覺
不人気	不人気[ふにんき]  ナ形・名 ② ・ 沒有人氣，不受歡迎
不本意	不本意[ふほんい]  名・ナ形 ② ・ 不情願，非本意
富	富[とみ]  名 ① ・ 財富
浮き彫り	浮き彫り[うきぼり]  名 ⓪ ・ 浮雕；刻畫，使形象突出
符合	符合[ふごう]  名・自動3 ⓪ ・ 符合，一致
負荷	負荷[ふか]  他動3・名 ①② ・ 擔，負，荷；負載
付加	付加[ふか]  名 ②① ・ 附加
部族	部族[ぶぞく]  名 ①⓪ ・ 部族，部落
風合い	風合い[ふうあい]  名 ⓪ ・ （紡織品、紙張等的）手感與觀感
風俗	風俗[ふうぞく]  名 ① ・ 風俗，習俗
伏せる	伏せる[ふせる]  他動2 ② ・ 朝下；扣，伏；不公開
副業	副業[ふくぎょう]  名 ⓪ ・ 副業
福利	福利[ふくり]  名 ② ・ 福利
払拭	払拭[ふっしょく]  他動3・名 ⓪ ・ 徹底抹掉，消除乾淨
物件	物件[ぶっけん]  名 ⓪ ・ 房地產；物品
分け与える	分け与える[わけあたえる]  他動2 ⑤⓪ ・ 分配，分發（物品等）
憤り	憤り[いきどおり]  名 ⓪⑤ ・ 憤怒
文化財	文化財[ぶんかざい]  名 ③⓪ ・ 文化遺產，文化財富
聞きつける	聞きつける[ききつける]  他動2 ④ ・ 偶然聽到；聽慣
平静	平静[へいせい]  名・ナ形 ⓪ ・ 平靜，鎮靜
平年	平年[へいねん]  名 ⓪ ・ 平年，普通的年份
弊害	弊害[へいがい]  名 ⓪ ・ 危害，弊病
並行	並行[へいこう]  名・自動3 ⓪ ・ 並行；同時進行
閉じ込める	閉じ込める[とじこめる]  他動2 ④⓪ ・ 把……關在……裡
変容	変容[へんよう]  名・自他動3 ⓪ ・ 變樣，面貌改觀
片隅	片隅[かたすみ]  名 ③⓪ ・ 一隅，一個角落
編成	編成[へんせい]  名・他動3 ⓪ ・ 編成，組成
編著	編著[へんちょ]  名 ① ・ 編著
返上	返上[へんじょう]  名・他動3 ⓪ ・ 奉還，歸還
返送	返送[へんそう]  他動3・名 ⓪ ・ 寄回
弁護士	弁護士[べんごし]  名 ③ ・ 律師
保温	保温[ほおん]  名・自他動3 ⓪ ・ 保溫
法人	法人[ほうじん]  名 ⓪ ・ 法人
芳しい	芳しい[かんばしい]  イ形 ④ ・ 芳香；（不）出色
褒めたたえる	褒めたたえる[ほめたたえる]  他動2 ⑤④⓪ ・ 極力稱讚
紡ぐ	紡ぐ[つむぐ]  他動1 ② ・ 紡織；（將各種素材組合起來創作故事等）編織
没	没[ぼつ]  名・接頭 ① ・ 死；（投稿）不採用；沒有
本体	本体[ほんたい]  名 ① ・ 真相；主要部分
翻す	翻す[ひるがえす]  他動1 ③ ・ 翻，轉，閃；揮舞，飄揚；突然改變（態度、意見等）
翻弄	翻弄[ほんろう]  他動3・名 ⓪ ・ 擺布，玩弄於股掌之中
埋め合わせる	埋め合わせる[うめあわせる]  他動2 ⑤ ・ 填補，彌補
万事	万事[ばんじ]  名 ① ・ 萬事
満たない	満たない[みたない]  連語 ② ・ 不滿，不足
満月	満月[まんげつ]  名 ① ・ 滿月，圓月
満遍なく	満遍なく[まんべんなく]  副 ⑤ ・ 普遍，徹底，均勻，平均地
未然	未然[みぜん]  名 ⓪ ・ 未然
無気力	無気力[むきりょく]  名・ナ形 ② ・ 缺乏朝氣，沒有精神
無残	無残[むざん]  名・ナ形 ① ・ 殘酷，無情
無実	無実[むじつ]  ナ形・名 ① ・ 無根據；冤枉
無造作	無造作[むぞうさ]  名・ナ形 ② ・ 簡單，容易；隨意，漫不經心
無謀	無謀[むぼう]  名・ナ形 ⓪ ・ 魯莽，欠斟酌
無防備	無防備[むぼうび]  ナ形・名 ② ・ 沒有防備
猛	猛[もう]  造 ① ・ 強烈……，猛烈……
網羅	網羅[もうら]  名・他動3 ① ・ 包羅，收羅
目まぐるしい	目まぐるしい[めまぐるしい]  イ形 ⑤ ・ 瞬息萬變的
目先	目先[めさき]  名 ③ ・ 眼前；當前；預見
問い詰める	問い詰める[といつめる]  他動2 ④⓪ ・ 逼問，追問，質問
諭す	諭す[さとす]  他動1 ②⓪ ・ （上對下）教導，告誡
ありよう	ありよう  名 ③⓪ ・ 樣子；實情；（不）可能有
由緒	由緒[ゆいしょ]  名 ① ・ 淵源，來源；顯赫的來歷
余生	余生[よせい]  名 ①⓪ ・ 餘生
揺るがす	揺るがす[ゆるがす]  他動1 ③⓪ ・ 搖撼，震撼
落書き	落書き[らくがき]  名・自他動3 ⓪ ・ 塗鴉，亂塗亂畫
落胆	落胆[らくたん]  名・自動3 ⓪ ・ 沮喪
理念	理念[りねん]  名 ① ・ 理念，根本想法
裏腹	裏腹[うらはら]  ナ形・名 ⓪ ・ 正相反；表裡不一
裏目	裏目[うらめ]  名 ⓪ ・ 骰子的背面；針織品翻過來看的針眼；事與願違
率先	率先[そっせん]  名・自動3 ⓪ ・ 率先，帶頭
立ち退く	立ち退く[たちのく]  自動1 ⓪③ ・ 離開；搬出
立ち返る	立ち返る[たちかえる]  自動1 ③⓪ ・ 返回原地
立体	立体[りったい]  名 ⓪ ・ 立體
かすれる	かすれる  自動2 ③⓪ ・ （字跡）不清楚；（聲音）沙啞
輪郭	輪郭[りんかく]  名 ⓪ ・ 輪廓；概要
類い	類い[たぐい]  名 ⓪② ・ 類；匹敵
類型	類型[るいけい]  名 ⓪ ・ 類型
零細	零細[れいさい]  ナ形 ⓪ ・ 零碎；規模小
歴然	歴然[れきぜん]  形動トタル ⓪ ・ 明顯，清楚
連携	連携[れんけい]  名・自動3 ⓪ ・ 合作
連帯感	連帯感[れんたいかん]  名 ③ ・ 凝聚力
弄ぶ	弄ぶ[もてあそぶ]  他動1 ④⓪ ・ 擺弄（物品）；玩弄（感情、命運等）
老若男女	老若男女[ろうにゃくなんにょ]  名 ⑤ ・ 男女老少
論説	論説[ろんせつ]  他動3・名 ⓪ ・ 評論，社論
和む	和む[なごむ]  自動1 ② ・ 平靜下來，溫和
和らぐ	和らぐ[やわらぐ]  自動1 ③ ・ 緩和，變溫和
つぼ	つぼ  名 ⓪ ・ 罐，壇；要害，要點
つぶる	つぶる  他動1 ⓪ ・ 閉眼；假裝不知道；死，瞑目
貪欲	貪欲[どんよく]  ナ形・名 ⓪ ・ 貪婪，貪欲
眉を 顰[ひそ]める	眉を 顰[ひそ]める  成句 ・ 緊鎖眉頭
退く	退く[しりぞく]  自動1 ③ ・ 倒退；退職
リモコン	リモコン  名 ⓪ ・ 遙控器
脅かす	脅かす[おびやかす]  他動1 ④ ・ 威脅
健やか	健やか[すこやか]  ナ形 ② ・ 健壯，健康，健全
つまむ	つまむ  他動1 ⓪ ・ 捏，撮，夾；吃；摘取，摘要
無難	無難[ぶなん]  ナ形・名 ⓪ ・ 沒有缺點，無可非議，說得過去
ゆがむ	ゆがむ  自動1 ⓪② ・ （物體）歪斜；（內心）不正
すすぐ	すすぐ  他動1 ⓪ ・ 涮，洗濯；漱口；（不好的評價）洗掉，雪除
脅かす	脅かす[おどかす]  他動1 ⓪ ・ 威脅，威嚇；恐嚇
それにしても	それにしても  接 ⑤ ・ 即使那樣
除去	除去[じょきょ]  他動3・名 ① ・ 除去，去掉，消除
録画	録画[ろくが]  他動3・名 ⓪ ・ 錄影
音読	音読[おんどく]  他動3・名 ⓪ ・ 朗讀，誦讀；按（日語）音讀法讀
直営	直営[ちょくえい]  他動3・名 ⓪ ・ 直接經營，直屬
貸与	貸与[たいよ]  他動3・名 ① ・ 借給，出借，貸與
落葉	落葉[らくよう]  名・自動3 ⓪ ・ 落葉
才覚	才覚[さいかく]  他動3・名 ⓪ ・ 才智，機智；籌措
対 峙[じ]	対 峙[じ]  名・自動3 ① ・ 對峙，相持
造形	造形[ぞうけい]  名・自他動3 ⓪ ・ 造型
起業	起業[きぎょう]  名・自動3 ⓪ ・ 創業
出荷	出荷[しゅっか]  名・自他動3 ⓪ ・ 上市，運出貨物
既存	既存[きそん]  名・自動3 ⓪ ・ 既存，原有，現有
取引	取引[とりひき]  他動3・名 ② ・ 交易，貿易；交易，討價還價
実証	実証[じっしょう]  名・他動3 ⓪ ・ 確鑿的證據；拿事實來證明，實證
提起	提起[ていき]  名・他動3 ① ・ 提起，提出
リタイア	リタイア  名・自動3 ② ・ 退休，引退；退場，棄權
黙読	黙読[もくどく]  他動3・名 ⓪ ・ 默讀
ディスカッション	ディスカッション  名・自他動3 ③ ・ 討論
狩猟	狩猟[しゅりょう]  名・自他動3 ⓪ ・ 狩獵
明示	明示[めいじ]  名・他動3 ⓪ ・ 明示，寫明
忍耐	忍耐[にんたい]  他動3・名 ① ・ 忍耐
裏打ち	裏打ち[うらうち]  他動3・名 ⓪④ ・ 襯裡，裱裡；（多く「裏打ちされる」の形で）從旁得到佐證
殺菌	殺菌[さっきん]  他動3・名 ⓪ ・ 殺菌，滅菌，消毒
衰弱	衰弱[すいじゃく]  名・自動3 ⓪ ・ 衰弱
再考	再考[さいこう]  他動3・名 ⓪ ・ 再次考慮，重新考慮
没入	没入[ぼつにゅう]  名・自動3 ⓪ ・ 埋頭，專心致志；沒入，沉入
出没	出没[しゅつぼつ]  名・自動3 ⓪ ・ 出沒，出現
直進	直進[ちょくしん]  名・自動3 ⓪ ・ 一直前進，直線前進
拮[きっ]抗	拮[きっ]抗[きっこう]  名・自動3 ⓪ ・ 較量，對抗
留意	留意[りゅうい]  名・自動3 ⓪① ・ 留心，注意
過信	過信[かしん]  名・他動3 ⓪ ・ 過於相信
洗浄	洗浄[せんじょう]  他動3・名 ⓪ ・ 洗滌，洗淨
占有	占有[せんゆう]  名・他動3 ⓪ ・ 佔有，據有
固執	固執[こしつ]  名・自他動3 ⓪ ・ 堅持，固執
認定	認定[にんてい]  名・他動3 ⓪ ・ 認定，認可
愛護	愛護[あいご]  他動3・名 ① ・ 愛護，保護
推察	推察[すいさつ]  他動3・名 ⓪ ・ 推測，推察；體諒，諒查
潜在	潜在[せんざい]  名・自動3 ⓪ ・ 潛在
防御	防御[ぼうぎょ]  他動3・名 ① ・ 防禦
集約	集約[しゅうやく]  他動3・名 ⓪① ・ 總括，匯集，概括
渇望	渇望[かつぼう]  他動3・名 ⓪ ・ 渴望，切盼
攪[かく]乱	攪[かく]乱[かくらん]  名・他動3 ⓪ ・ 攪亂，搗亂，擾亂
痙攣[けいれん]	痙攣[けいれん][けいれん]  名・自動3 ⓪ ・ 痙攣，抽搐，抽筋
複製	複製[ふくせい]  名・他動3 ⓪ ・ 複製，仿製
リンク	リンク  他動3・名 ① ・ 鏈環；連接；連結
隣接	隣接[りんせつ]  名・自動3 ⓪ ・ 鄰接，毗連
復帰	復帰[ふっき]  名・自動3 ⓪ ・ 恢復（原來的地位、任務、狀態等）
撤去	撤去[てっきょ]  他動3・名 ① ・ 撤去，撤除，拆除
配属	配属[はいぞく]  他動3・名 ⓪ ・ 分配，配屬
養殖	養殖[ようしょく]  名・他動3 ⓪ ・ 養殖
面談	面談[めんだん]  名・自動3 ⓪ ・ 面談，面洽
売却	売却[ばいきゃく]  他動3・名 ⓪ ・ 出售
考案	考案[こうあん]  名・他動3 ⓪ ・ 設計，構思
撤退	撤退[てったい]  名・自動3 ⓪ ・ 撤退，退出
増員	増員[ぞういん]  名・自他動3 ⓪ ・ 增加人員
同化	同化[どうか]  名・自他動3 ⓪ ・ 同化
転売	転売[てんばい]  他動3・名 ⓪ ・ 轉賣，倒賣
抽出	抽出[ちゅうしゅつ]  他動3・名 ⓪ ・ 抽出，提取，提煉
投影	投影[とうえい]  名・自他動3 ⓪ ・ 投影；反映
受理	受理[じゅり]  他動3・名 ① ・ 受理
両用	両用[りょうよう]  他動3・名 ⓪ ・ 兩用
激動	激動[げきどう]  名・自動3 ⓪ ・ （政治、社會等）動盪，激盪，震盪
誇示	誇示[こじ]  名・他動3 ① ・ 誇示，炫耀，誇耀
所蔵	所蔵[しょぞう]  他動3・名 ⓪ ・ 收藏
浸透	浸透[しんとう]  名・自動3 ⓪ ・ 滲透，滲入
献身	献身[けんしん]  名・自動3 ⓪ ・ 獻身，捨己，忘我
直撃	直撃[ちょくげき]  名・自他動3 ⓪ ・ 直擊
増収	増収[ぞうしゅう]  名・自動3 ⓪ ・ 增加收入；增加產量
満腹	満腹[まんぷく]  名・自動3 ⓪ ・ 吃飽
容認	容認[ようにん]  名・他動3 ⓪ ・ 承認，同意，允許
督促	督促[とくそく]  他動3・名 ⓪ ・ 督促，催促
発覚	発覚[はっかく]  名・自動3 ⓪ ・ 暴露，被發現
習練	習練[しゅうれん]  名・他動3 ① ・ 習練，反覆練習
酷評	酷評[こくひょう]  他動3・名 ⓪ ・ 嚴厲批評，批評得一無是處
熟知	熟知[じゅくち]  他動3・名 ① ・ 熟知，熟悉
錬磨	錬磨[れんま]  他動3・名 ① ・ 磨鍊，鍛鍊
警報	警報[けいほう]  名 ⓪ ・ 警報
千変万化	千変万化[せんぺんばんか]  名・自動3 ⑤ ・ 千變萬化
伸縮	伸縮[しんしゅく]  名・自他動3 ⓪ ・ 伸縮
封印	封印[ふういん]  名・自他動3 ⓪ ・ 封條；封印
忘却	忘却[ぼうきゃく]  他動3・名 ⓪ ・ 忘卻，遺忘，忘記
専心	専心[せんしん]  名・自動3 ⓪ ・ 專心，一心一意，全心全意
懐疑	懐疑[かいぎ]  名・自他動3 ① ・ 懷疑
昇華	昇華[しょうか]  名・自他動3 ⓪ ・ 升華
明記	明記[めいき]  名・他動3 ① ・ 清楚記載，記明
散策	散策[さんさく]  名・自動3 ⓪ ・ 散步，隨便走走
点滅	点滅[てんめつ]  名・自他動3 ⓪ ・ （燈光）忽亮忽滅，閃亮
改築	改築[かいちく]  他動3・名 ⓪ ・ 重蓋，改建
送り迎え	送り迎え[おくりむかえ]  他動3・名 ⓪④ ・ 接送
新調	新調[しんちょう]  名・他動3 ⓪ ・ 新制；新曲調
点在	点在[てんざい]  名・自動3 ⓪ ・ 散在，散布
混在	混在[こんざい]  名・自動3 ⓪ ・ 混在一起
誘致	誘致[ゆうち]  他動3・名 ① ・ 招徠，招攬，吸引
在職	在職[ざいしょく]  名・自動3 ⓪ ・ 在職，工作，任職
愛読	愛読[あいどく]  他動3・名 ⓪ ・ 愛讀，喜歡讀
商談	商談[しょうだん]  名・自動3 ⓪ ・ 貿易談判，談生意，洽談
放牧	放牧[ほうぼく]  名・他動3 ⓪ ・ 放牧，牧放
決裁	決裁[けっさい]  他動3・名 ① ・ 裁決，審批
会食	会食[かいしょく]  名・自動3 ⓪ ・ 聚餐
習熟	習熟[しゅうじゅく]  名・自動3 ⓪ ・ 熟習，熟練
出土	出土[しゅつど]  名・自動3 ⓪ ・ 出土
再選	再選[さいせん]  他動3・名 ⓪ ・ 重選，再次當選，重新當選
輩出	輩出[はいしゅつ]  自他動3・名 ⓪ ・ 輩出，不斷湧現出
併用	併用[へいよう]  他動3・名 ⓪ ・ 並用
推奨	推奨[すいしょう]  名・他動3 ⓪ ・ 推薦
転入	転入[てんにゅう]  名・自動3 ⓪ ・ 遷入；轉入
管轄	管轄[かんかつ]  名・他動3 ⓪ ・ 管轄
生殖	生殖[せいしょく]  名・自動3 ⓪ ・ 生殖，繁殖
交配	交配[こうはい]  他動3・名 ⓪ ・ 交配，雜交
流入	流入[りゅうにゅう]  名・自動3 ⓪ ・ 流入，流進；湧進
濾[ろ]過	濾[ろ]過[ろか]  他動3・名 ① ・ 過濾
履修	履修[りしゅう]  他動3・名 ⓪ ・ 修習（規定的學科、課程等）
躊躇[ちゅうちょ]	躊躇[ちゅうちょ][ちゅうちょ]  名・自他動3 ① ・ 躊躇，猶豫
てんてこ舞い	てんてこ舞い[てんてこまい]  名 ④ ・ 忙得不可開交，手忙腳亂
伐採	伐採[ばっさい]  他動3・名 ⓪ ・ 採伐，砍伐
廃業	廃業[はいぎょう]  名・自他動3 ⓪ ・ 關門，歇業，停業
推論	推論[すいろん]  他動3・名 ⓪ ・ 推論，推斷，判斷
搭載	搭載[とうさい]  名・他動3 ⓪ ・ 裝載；搭載
ダイビング	ダイビング  名・自動3 ①⓪ ・ 跳水；飛躍；潛水
粉砕	粉砕[ふんさい]  他動3・名 ⓪ ・ 粉碎；摧毀，徹底打垮
焼却	焼却[しょうきゃく]  名・他動3 ⓪ ・ 焚燒，燒掉
遊泳	遊泳[ゆうえい]  名・自動3 ⓪ ・ 游泳；處世
製本	製本[せいほん]  名・他動3 ⓪ ・ 裝訂
製氷	製氷[せいひょう]  名・自動3 ⓪ ・ 製冰
冷却	冷却[れいきゃく]  名・自他動3 ⓪ ・ 冷卻；冷靜
連動	連動[れんどう]  名・自動3 ⓪ ・ 聯鎖，同步，傳動
特設	特設[とくせつ]  他動3・名 ⓪ ・ 特設
帳消し	帳消し[ちょうけし]  名 ⓪ ・ 消帳，清帳；一筆勾銷，互相抵消
君臨	君臨[くんりん]  名・自動3 ⓪ ・ 君臨，統治；（在某個領域）稱霸
軽装	軽装[けいそう]  名・自動3 ⓪ ・ 輕裝
自滅	自滅[じめつ]  名・自動3 ⓪ ・ 自然滅亡，自取滅亡
付着	付着[ふちゃく]  名・自動3 ⓪ ・ 附著，黏著
和解	和解[わかい]  名・自動3 ⓪ ・ 和好；和解，調解
必着	必着[ひっちゃく]  名 ⓪ ・ 必須送到，一定送到
挫折	挫折[ざせつ]  名・自動3 ⓪ ・ 挫折，受挫，氣餒
白熱	白熱[はくねつ]  名・自動3 ⓪ ・ 白熾，灼熱；最高潮，白熱
撲滅	撲滅[ぼくめつ]  他動3・名 ⓪ ・ 撲滅，消滅
立案	立案[りつあん]  他動3・名 ⓪ ・ 制定方案，籌劃
充当	充当[じゅうとう]  他動3・名 ⓪ ・ 充當，填補，充作
打撲	打撲[だぼく]  他動3・名 ⓪ ・ 磕碰，碰撞
苦笑い	苦笑い[にがわらい]  名・自動3 ③ ・ 苦笑
過熱	過熱[かねつ]  自他動3・名 ⓪ ・ 過熱；過度，過於激烈
近接	近接[きんせつ]  名・自動3 ⓪ ・ 接近；鄰近
一戦	一戦[いっせん]  名・自動3 ⓪ ・ 一仗，一戰
編 纂[さん]	編 纂[さん]  他動3・名 ⓪ ・ 編纂
帰結	帰結[きけつ]  名・自動3 ⓪ ・ 歸結，歸宿，結果
立候補	立候補[りっこうほ]  名・自動3 ③ ・ 當候選人，參加競選
作図	作図[さくず]  名・自他動3 ⓪ ・ 繪圖，畫圖，作圖
肥大	肥大[ひだい]  名・自動3 ⓪ ・ 肥大
散在	散在[さんざい]  名・自動3 ⓪ ・ 分散，分布，遍布
脱税	脱税[だつぜい]  名・自他動3 ⓪ ・ 逃稅，偷稅，漏稅
先取り	先取り[さきどり]  他動3・名 ⓪ ・ 優先取得，先得到；預先領取，預先得到
迎合	迎合[げいごう]  名・自動3 ⓪ ・ 迎合，逢迎，投其所好
撤回	撤回[てっかい]  他動3・名 ⓪ ・ 撤回，撤銷
増設	増設[ぞうせつ]  他動3・名 ⓪ ・ 增設
発着	発着[はっちゃく]  名・自動3 ⓪ ・ 出發和到達
訪日	訪日[ほうにち]  名・自動3 ⓪ ・ 訪日，訪問日本
代替	代替[だいたい]  名・他動3 ⓪ ・ 代替
驚嘆	驚嘆[きょうたん]  名・自動3 ⓪ ・ 驚嘆
解禁	解禁[かいきん]  名・他動3 ⓪ ・ 解除禁令
起用	起用[きよう]  名・他動3 ⓪ ・ 起用，擢用，任用
スライス	スライス  名・自他動3 ② ・ 片，薄片，切片
手立て	手立て[てだて]  名 ① ・ 方法，手段，辦法
恩返し	恩返し[おんがえし]  名・自動3 ③ ・ 報恩
精通	精通[せいつう]  名・自動3 ⓪ ・ 精通，通曉
着想	着想[ちゃくそう]  自他動3・名 ⓪ ・ 立意，構思，主意
熟考	熟考[じゅっこう]  他動3・名 ⓪ ・ 仔細考慮，深思熟慮
内省	内省[ないせい]  名・他動3 ⓪ ・ 反省，自我檢查；（心理學）內省
突出	突出[とっしゅつ]  名・自動3 ⓪ ・ 突出
逆戻り	逆戻り[ぎゃくもどり]  名・自動3 ⓪③ ・ 往回走；開倒車，走回頭路
後押し	後押し[あとおし]  他動3・名 ② ・ （在後面）推（的人）；支援（者）
漏 洩[えい]	漏 洩[えい]  自他動3・名 ⓪ ・ 洩漏
流布	流布[るふ]  名・自他動3 ① ・ 散布，傳播
感知	感知[かんち]  名・他動3 ① ・ 察覺，感知
感嘆	感嘆[かんたん]  名・自動3 ⓪ ・ 感嘆，讚嘆
供述	供述[きょうじゅつ]  他動3・名 ⓪ ・ 供述，口供
急進	急進[きゅうしん]  名・自動3 ⓪ ・ 急進；激進，冒進
邁[まい]進	邁[まい]進[まいしん]  名・自動3 ⓪ ・ 邁進，挺進
却下	却下[きゃっか]  他動3・名 ① ・ 不受理，駁回（申請、訴訟等）
転移	転移[てんい]  名・自他動3 ⓪① ・ 轉移，擴散
紛糾	紛糾[ふんきゅう]  名・自動3 ⓪ ・ 糾紛，混亂
巡回	巡回[じゅんかい]  名・自動3 ⓪ ・ 巡迴；巡視
枯渇	枯渇[こかつ]  名・自動3 ⓪ ・ 乾涸，枯竭；缺乏，罄盡
絶賛	絶賛[ぜっさん]  他動3・名 ⓪ ・ 無上的稱讚，最好的讚美
出馬	出馬[しゅつば]  名・自動3 ⓪ ・ 參加競選，當候選人
施錠	施錠[せじょう]  名・自他動3 ⓪ ・ 上鎖
沈下	沈下[ちんか]  名・自動3 ⓪① ・ 沉降，下沉
仲裁	仲裁[ちゅうさい]  他動3・名 ⓪ ・ 調解，仲裁
露出	露出[ろしゅつ]  名・自他動3 ⓪ ・ 露出，裸露；曝光
すべすべ	すべすべ  副 ① ・ 光滑，滑潤
ごつごつ	ごつごつ  副 ① ・ 不平滑，凹凸不平；生硬，粗魯
夢想	夢想[むそう]  名・他動3 ⓪ ・ 夢想，幻想，空想
代償	代償[だいしょう]  名 ⓪ ・ 賠償，補償；代價
謳[おう]歌	謳[おう]歌[おうか]  名・他動3 ① ・ 謳歌，歌頌
潜伏	潜伏[せんぷく]  名・自動3 ⓪ ・ 潛伏，躲藏，隱藏；（疾病）潛伏
自重	自重[じちょう]  名・自動3 ⓪ ・ 自重，謹慎；保重，珍重
譲渡	譲渡[じょうと]  他動3・名 ① ・ 轉讓
著作	著作[ちょさく]  他動3・名 ⓪ ・ 著作，著書
校閲	校閲[こうえつ]  他動3・名 ⓪ ・ 校閱，校訂
不倫	不倫[ふりん]  ナ形・名 ⓪ ・ 作風不好，亂搞男女關係
店舗	店舗[てんぽ]  名 ① ・ 店鋪，商店
人里	人里[ひとざと]  名 ⓪ ・ 村落，村莊，城鎮
土壌	土壌[どじょう]  名 ⓪ ・ 土壤
寄生虫	寄生虫[きせいちゅう]  名 ⓪ ・ 寄生蟲；靠別人養活的人
営み	営み[いとなみ]  名 ⓪④ ・ 營生；辦事，準備
使い手	使い手[つかいて]  名 ⓪ ・ 使用者；擅長使用的人
リネン	リネン  名 ① ・ 亞麻布；床單、枕套、桌布、毛巾等的總稱
しいたけ	しいたけ  名 ① ・ 香菇
蟹[かに]	蟹[かに][かに]  名 ⓪ ・ 蟹，螃蟹
図面	図面[ずめん]  名 ⓪ ・ 圖紙，設計圖，構造圖
盆踊り	盆踊り[ぼんおどり]  名 ③ ・ 盂蘭盆會舞
優劣	優劣[ゆうれつ]  名 ⓪① ・ 優劣
軒先	軒先[のきさき]  名 ⓪ ・ 簷頭，房前
渡り	渡り[わたり]  名 ⓪ ・ 渡口；（由外國）傳來；搭關係；（鳥類）遷徙
雷雨	雷雨[らいう]  名 ① ・ 雷雨
天敵	天敵[てんてき]  名 ⓪ ・ 天敵
断片	断片[だんぺん]  名 ⓪③ ・ 片斷，部分
書庫	書庫[しょこ]  名 ① ・ 書庫，藏書室
十二支	十二支[じゅうにし]  名 ③ ・ 十二支，生肖
互角	互角[ごかく]  ナ形・名 ⓪ ・ 勢均力敵，不相上下，互有優劣
史実	史実[しじつ]  名 ⓪① ・ 史實
双方	双方[そうほう]  名 ① ・ 雙方，兩方
老朽	老朽[ろうきゅう]  名・自動3 ⓪ ・ 老朽；陳舊，破舊
鋳型	鋳型[いがた]  名 ⓪ ・ 鑄模，模子
人家	人家[じんか]  名 ① ・ 人家，人煙
スランプ	スランプ  名 ② ・ 一時不振，萎靡，低谷
筋道	筋道[すじみち]  名 ⓪② ・ 道理，條理；順序，程序
旧来	旧来[きゅうらい]  名 ① ・ 以往，以前，從前，從來
基調	基調[きちょう]  名 ⓪ ・ 基調，基準
断じて	断じて[だんじて]  副 ⓪① ・ 絕對，一定；決（不）
無名	無名[むめい]  名 ⓪ ・ 無名，不知名；不著名，沒名氣
資質	資質[ししつ]  名 ⓪ ・ 資質，秉性，天資
業種	業種[ぎょうしゅ]  名 ⓪① ・ 行業
人間ドック	人間ドック[にんげんどっく]  名 ⑤ ・ 綜合體檢
上限	上限[じょうげん]  名 ⓪ ・ 上限
幼虫	幼虫[ようちゅう]  名 ⓪ ・ 幼蟲
端末	端末[たんまつ]  名 ⓪ ・ 終端；終端裝置
ガイドライン	ガイドライン  名 ④ ・ 指導方針，大綱
間取り	間取り[まどり]  名 ⓪ ・ 房間布局，平面布置
シニア	シニア  名 ① ・ 年長者，資格老的，前輩
皮切り	皮切り[かわきり]  名 ⓪④ ・ 起頭，開頭，開始
尺度	尺度[しゃくど]  名 ① ・ 尺子；長度，尺寸；標準，尺度
罠[わな]	罠[わな][わな]  名 ① ・ 陷阱；圈套
すかさず	すかさず  副 ⓪ ・ 立刻，馬上
我が身	我が身[わがみ]  名 ① ・ 自己
別個	別個[べっこ]  ナ形・名 ⓪① ・ 另一個；個別
マスメディア	マスメディア  名 ③ ・ （報刊、電視、廣播等）大眾媒體
音響	音響[おんきょう]  名 ⓪ ・ 聲響，聲音
とことん	とことん  副・名 ③ ・ 最後，到底
人一倍	人一倍[ひといちばい]  名 ⓪④ ・ 比別人更加……
民話	民話[みんわ]  名 ⓪ ・ 民間故事，民間傳說
本書	本書[ほんしょ]  名 ① ・ 正式文本，正本；本書，此書
工具	工具[こうぐ]  名 ① ・ 工具，特指機械加工用的刀具類
誤植	誤植[ごしょく]  名 ⓪ ・ 排錯（的字），誤排
指針	指針[ししん]  名 ⓪ ・ 指針；方針，準則
出方	出方[でかた]  名 ⓪②③ ・ （處理某事的）態度，方式
対極	対極[たいきょく]  名 ⓪ ・ 相反的極端
水中	水中[すいちゅう]  名 ⓪ ・ 水中，水裡
アシスタント	アシスタント  名 ② ・ 助手，助理
担い手	担い手[にないて]  名 ⓪④ ・ 挑東西的人；旗手，核心人物
経緯	経緯[けいい]  名 ① ・ （事情的）經過，原委；經度和緯度
亡者	亡者[もうじゃ]  名 ① ・ 逝者；利欲熏心的人
風情	風情[ふぜい]  名・造 ① ・ 風趣，情趣；樣子，情況；（接尾）……之類
誌面	誌面[しめん]  名 ① ・ 雜誌上，雜誌的篇幅
土器	土器[どき]  名 ① ・ 土器，陶器
河原	河原[かわら]  名 ⓪ ・ 河灘
南半球	南半球[みなみはんきゅう]  名 ④ ・ 南半球
店先	店先[みせさき]  名 ⓪④ ・ 店頭，店面
潤い	潤い[うるおい]  名 ⓪ ・ 濕潤；利益，補益；風趣，情趣
迷路	迷路[めいろ]  名 ① ・ 容易迷路的道路，迷宮
首尾	首尾[しゅび]  名 ① ・ 開始，結束；過程，結果
良書	良書[りょうしょ]  名 ① ・ 良書，好書
サバンナ	サバンナ  名 ② ・ 熱帶的（樹木稀少的）大草原
遺物	遺物[いぶつ]  名 ⓪① ・ 遺物；古物，文化遺產；遺失物
里帰り	里帰り[さとがえり]  名・自動3 ③⑤ ・ 回娘家；回鄉探親，回國探親
物見	物見[ものみ]  名 ③ ・ 參觀，遊覽；瞭望，偵察
遊山	遊山[ゆさん]  名 ⓪① ・ 出去遊玩
細切れ	細切れ[こまぎれ]  名 ⓪ ・ 碎片，碎塊
素地	素地[そじ]  名 ① ・ 質地，底子；基礎，根基
度合い	度合い[どあい]  名 ⓪ ・ 程度
論旨	論旨[ろんし]  名 ① ・ 論點
テナント	テナント  名 ⓪ ・ 借地人，租房人
客層	客層[きゃくそう]  名 ⓪ ・ 顧客層級
魔物	魔物[まもの]  名 ⓪ ・ 妖怪，魔鬼
爬[は]虫類	爬[は]虫類[はちゅうるい]  名 ② ・ 爬行動物
客室	客室[きゃくしつ]  名 ⓪ ・ 客廳；客房
車体	車体[しゃたい]  名 ⓪ ・ 車身，車體，車廂
二の次	二の次[にのつぎ]  名 ④ ・ 第二，其次，次要
リセット	リセット  他動3・名 ② ・ 復位
ウエア	ウエア  名 ② ・ 衣著，衣服
肌触り	肌触り[はだざわり]  名 ③ ・ 接觸肌膚時的感覺，手感
ぽい捨て	ぽい捨て[ぽいすて]  名 ⓪ ・ 隨手扔掉，亂扔
惜しくも	惜しくも[おしくも]  副 ① ・ 真可惜；非常遺憾
兼ね合い	兼ね合い[かねあい]  名 ⓪ ・ 保持均衡，兼顧
風通し	風通し[かぜとおし]  名 ⓪⑤ ・ 通風
高気圧	高気圧[こうきあつ]  名 ③ ・ 高氣壓
終盤	終盤[しゅうばん]  名 ⓪ ・ 接近決定勝負的局面，殘棋；最後階段
悲願	悲願[ひがん]  名 ① ・ 誓必實現的決心
むっと	むっと  副 ⓪① ・ 怒上心頭；悶得慌，熏得慌
現職	現職[げんしょく]  名 ⓪ ・ 現職，現任
獣医	獣医[じゅうい]  名 ① ・ 獸醫
路線	路線[ろせん]  名 ⓪ ・ 線路；路線
遊歩道	遊歩道[ゆうほどう]  名 ③ ・ 散步道
アナログ	アナログ  名 ⓪ ・ 模擬
知名度	知名度[ちめいど]  名 ② ・ 知名度
媒体	媒体[ばいたい]  名 ⓪ ・ 媒介物，媒體，手段
鮮度	鮮度[せんど]  名 ① ・ 新鮮的程度，鮮度
原価	原価[げんか]  名 ① ・ 進貨價，成本價；成本，生產費用
最良	最良[さいりょう]  名 ⓪ ・ 最好
愕[がく]然	愕[がく]然[がくぜん]  形動トタル ⓪ ・ 愕然
ビッグ	ビッグ  ナ形 ① ・ 大規模，大；重要
白紙	白紙[はくし]  名 ⓪ ・ 白紙；空白的紙；事前不帶偏見；原狀
難関	難関[なんかん]  名 ⓪ ・ 難關
頭打ち	頭打ち[あたまうち]  名 ⓪ ・ 達到頂點，漲到極限
メンテナンス	メンテナンス  名 ① ・ 維修，維持，維護，保養
若木	若木[わかぎ]  名 ⓪② ・ 小樹，幼樹
品位	品位[ひんい]  名 ① ・ 品格，品位，風度
劣勢	劣勢[れっせい]  名・ナ形 ⓪ ・ 劣勢
激流	激流[げきりゅう]  名 ⓪ ・ 激流，急流
農夫	農夫[のうふ]  名 ① ・ 農民，農夫
臨床	臨床[りんしょう]  名 ⓪ ・ 臨床
里	里[さと]  名 ⓪ ・ 村莊；鄉下；老家
仙人	仙人[せんにん]  名 ③ ・ 仙人，神仙
化け物	化け物[ばけもの]  名 ③④ ・ 妖怪，鬼怪，魔鬼；擁有非凡能力的人
室温	室温[しつおん]  名 ⓪ ・ 室內溫度，室溫
巻物	巻物[まきもの]  名 ⓪ ・ （裝裱成卷軸的）書畫
混 沌[とん]	混 沌[とん]  名・形動トタル ⓪ ・ 混沌，混亂
岐路	岐路[きろ]  名 ① ・ 歧路，岔道
表面張力	表面張力[ひょうめんちょうりょく]  名 ⑤ ・ 表面張力
生半可	生半可[なまはんか]  ナ形・名 ⓪③ ・ 不成熟，不熟練，不充分，不徹底
あぐら	あぐら  名 ⓪ ・ 盤腿坐
漁民	漁民[ぎょみん]  名 ⓪ ・ 漁民
絵柄	絵柄[えがら]  名 ⓪ ・ 圖案，圖樣，花樣
境内	境内[けいだい]  名 ① ・ （神社、廟宇的）院內，院落
趨[すう]勢	趨[すう]勢[すうせい]  名 ⓪ ・ 趨勢，趨向，動向，傾向
同列	同列[どうれつ]  名 ⓪ ・ 同列，同排；同等地位
石垣	石垣[いしがき]  名 ⓪ ・ 石垣，石牆
意表	意表[いひょう]  名 ⓪ ・ 意表，意外
薬剤	薬剤[やくざい]  名 ⓪② ・ 藥，藥劑
田畑	田畑[たはた]  名 ① ・ 水田和旱田，田地
いわんや	いわんや  副 ② ・ 何況，況且
威厳	威厳[いげん]  名 ⓪ ・ 威嚴
絵描き	絵描き[えかき]  名 ③⓪ ・ 畫家
風潮	風潮[ふうちょう]  名 ⓪ ・ 潮流，傾向，時勢
背丈	背丈[せたけ]  名 ① ・ 身高；衣長
巷[ちまた]	巷[ちまた][ちまた]  名 ⓪ ・ 岔道；繁華街；場所；社會
雑用	雑用[ざつよう]  名 ⓪ ・ 雜事，瑣事
類人猿	類人猿[るいじんえん]  名 ③ ・ 類人猿
彗[すい]星	彗[すい]星[すいせい]  名 ⓪ ・ 彗星
成り立ち	成り立ち[なりたち]  名 ⓪ ・ 成立的經過；構成
一足飛び	一足飛び[いっそくとび]  名 ③④ ・ 併著腳跳；快跑；越級
用足し	用足し[ようたし]  名 ③④ ・ 辦事；上廁所
世俗	世俗[せぞく]  名 ⓪ ・ 社會風俗，一般風習；世間，社會
沽[こ]券	沽[こ]券[こけん]  名 ⓪ ・ 人品，體面，身價，尊嚴
豪傑	豪傑[ごうけつ]  名 ⓪ ・ 豪傑，好漢
人為	人為[じんい]  名 ① ・ 人為，人工
漆	漆[うるし]  名 ⓪ ・ 漆樹；（從漆樹樹液提取的天然塗料）漆
ともすると	ともすると  副 ① ・ 往往，每每，動不動（就）
空疎	空疎[くうそ]  ナ形・名 ① ・ 空洞，空虛
平安	平安[へいあん]  ナ形・名 ⓪ ・ 平安，太平，平靜，平穩
不向き	不向き[ふむき]  ナ形・名 ① ・ 不合適，不適當
洋館	洋館[ようかん]  名 ⓪ ・ 西方式建築
労苦	労苦[ろうく]  名 ① ・ 勞苦，辛苦
領分	領分[りょうぶん]  名 ① ・ 領土，領地；範圍，領域
餌付け	餌付け[えづけ]  名・自動3 ⓪ ・ 餵養（野生動物，使之馴服）
何にも	何にも[なんにも]  副 ⓪① ・ 完全（不）；無論什麼也（不）
話半分	話半分[はなしはんぶん]  名 ④⑥ ・ 說的話只有一半可信
寄る辺	寄る辺[よるべ]  名 ⓪ ・ 倚靠，投靠（之處）
源泉	源泉[げんせん]  名 ⓪ ・ 源泉，根源，本源
自家 撞[どう]着	自家 撞[どう]着  名・自動3 ①+⓪,③ ・ 自相矛盾
暗黙	暗黙[あんもく]  名 ⓪ ・ 沉默，默不作聲，緘默
エッセンス	エッセンス  名 ① ・ 本質，精華，真髓；精，香精
ハイライト	ハイライト  名 ③ ・ 高光；最精彩的場面
耳目	耳目[じもく]  名 ① ・ 耳目，視聽，見聞
歯ぎしり	歯ぎしり[はぎしり]  名・自動3 ② ・ 磨牙；咬牙切齒
太もも	太もも[ふともも]  名 ⓪ ・ 大腿
関節	関節[かんせつ]  名 ⓪ ・ 關節
むき出し	むき出し[むきだし]  ナ形・名 ⓪ ・ 露出，裸露；露骨，毫不掩飾
アングル	アングル  名 ① ・ 角度；觀點，見地
代役	代役[だいやく]  名 ⓪ ・ 代演（者），替角
夢にも	夢にも[ゆめにも]  副 ② ・ 一點也不，做夢也（沒想到……）
寝具	寝具[しんぐ]  名 ① ・ 寢具，被褥
ざわめき	ざわめき  名 ⓪④ ・ 吵雜聲
観葉植物	観葉植物[かんようしょくぶつ]  名 ⑥ ・ 賞葉植物
雨上がり	雨上がり[あめあがり]  名 ③ ・ 雨後
脚光を浴びる	脚光を浴びる[きゃっこうをあびる]  成句 ・ 登場，嶄露頭角，引人注目
物おじ	物おじ[ものおじ]  名・自動3 ⓪④③ ・ 膽小，膽怯
冬至	冬至[とうじ]  名 ⓪ ・ 冬至
夏至	夏至[げし]  名 ⓪ ・ 夏至
潤滑油	潤滑油[じゅんかつゆ]  名 ⓪④ ・ 潤滑油
質感	質感[しつかん]  名 ⓪ ・ （材料不同所引起的）質感
山奥	山奥[やまおく]  名 ③ ・ 深山裡
日替わり	日替わり[ひがわり]  名 ⓪ ・ 一天一換
内装	内装[ないそう]  名 ⓪ ・ 室內裝潢
ひだ	ひだ  名 ① ・ 褶，襞
まぐろ	まぐろ  名 ⓪ ・ 鮪魚
大輪	大輪[たいりん]  名 ⓪ ・ 大朵（花）
器材	器材[きざい]  名 ① ・ 器材，器件
家業	家業[かぎょう]  名 ① ・ 家傳的行業，父業
ランキング	ランキング  名 ①⓪ ・ 名次，等級，排名
色素	色素[しきそ]  名 ①② ・ 色素
高学年	高学年[こうがくねん]  名 ③④ ・ （國小）五、六年級（的學生）
片っ端から	片っ端から[かたっぱしから]  副 ⓪ ・ 依次，一個接一個（全部）
豚カツ	豚カツ[とんカツ]  名 ⓪ ・ 炸豬排
裏話	裏話[うらばなし]  名 ③ ・ 秘聞，內幕
濃淡	濃淡[のうたん]  名 ⓪①③ ・ 濃淡，深淺
無人島	無人島[むじんとう]  名 ⓪ ・ 無人島
草むら	草むら[くさむら]  名 ⓪ ・ 草叢
差し当たり	差し当たり[さしあたり]  副 ⓪ ・ 當前，目前，目下，眼前
本題	本題[ほんだい]  名 ⓪ ・ 正題，本題
辛くも	辛くも[からくも]  副 ① ・ 好不容易，勉強
昼夜	昼夜[ちゅうや]  名・副 ① ・ 晝夜；日夜，經常
自筆	自筆[じひつ]  名 ⓪ ・ 親筆，親自書寫（的字畫、文章等）
書式	書式[しょしき]  名 ⓪ ・ （公文）格式
後発	後発[こうはつ]  名・自動3 ⓪ ・ 後出發；後發起，後發展起來（的）
切り口	切り口[きりくち]  名 ② ・ 切開的口，斷面；傷口；切入點，論點；開口處
渋々	渋々[しぶしぶ]  副 ⓪① ・ 不痛快，不情願，勉強
季節風	季節風[きせつふう]  名 ⓪③ ・ 季風，季節風
消印	消印[けしいん]  名 ⓪ ・ 郵戳
ゆかり	ゆかり  名 ⓪ ・ 因緣，關係
言い伝え	言い伝え[いいつたえ]  名 ⓪ ・ 傳說
胴体	胴体[どうたい]  名 ① ・ 軀幹，胴體；飛機、船隻的中心部分
海中	海中[かいちゅう]  名 ⓪ ・ 海中，海面下
食用	食用[しょくよう]  名 ⓪ ・ 食用
石段	石段[いしだん]  名 ⓪ ・ 石級，石階，台階
キャビネット	キャビネット  名 ①③ ・ 櫥櫃，展示櫃；唱片盒
自家製	自家製[じかせい]  名 ⓪ ・ 自己製作
物産	物産[ぶっさん]  名 ⓪ ・ 土產（品），特產（品）
コンディション	コンディション  名 ③ ・ 條件；健康狀況
元凶	元凶[げんきょう]  名 ⓪ ・ 元兇，罪魁禍首
自前	自前[じまえ]  名 ⓪ ・ 自己出錢，自辦
未完成	未完成[みかんせい]  ナ形・名 ② ・ 未完成
不測	不測[ふそく]  名 ⓪ ・ 難以預料，不測
臨機応変	臨機応変[りんきおうへん]  ナ形・名 ①+⓪ ・ 隨機應變
糧	糧[かて]  名 ①② ・ 糧食；食糧
拾い物	拾い物[ひろいもの]  名 ⓪ ・ 拾得物，撿來的東西；白得的便宜，意外的收穫
真冬	真冬[まふゆ]  名 ⓪ ・ 隆冬
山肌	山肌[やまはだ]  名 ⓪ ・ 山的地表
心意気	心意気[こころいき]  名 ⓪ ・ 積極果敢地面對任何事物的精神，堅強的意志，氣魄
フラッシュ	フラッシュ  名 ② ・ 閃光（燈），鎂光（燈）；瞬間場面
定評	定評[ていひょう]  名 ⓪ ・ 定評，公認
檜[ひのき]	檜[ひのき][ひのき]  名 ⓪① ・ 絲柏，扁柏，檜木
仕切り	仕切り[しきり]  名 ⓪ ・ 隔開，隔板；清算，清帳；（相撲）擺架勢
取り決め	取り決め[とりきめ]  名 ⓪ ・ 商定，約定，締結，協定
幼少	幼少[ようしょう]  ナ形・名 ⓪ ・ 年幼，幼小，童年時代
栄冠	栄冠[えいかん]  名 ⓪ ・ 榮冠，榮譽
上向き	上向き[うわむき]  名 ⓪ ・ 朝上，仰；趨漲
物品	物品[ぶっぴん]  名 ⓪ ・ 物品：（不動產以外的）有形物品，動產
奥行き	奥行き[おくゆき]  名 ⓪ ・ 進深，縱深；（學識、思考、感情的）深度
水辺	水辺[みずべ]  名 ⓪ ・ 水邊，水濱
原案	原案[げんあん]  名 ⓪ ・ 原案
機体	機体[きたい]  名 ⓪ ・ 機身，機體；飛機
頻度	頻度[ひんど]  名 ① ・ 頻度，頻率
渓谷	渓谷[けいこく]  名 ⓪ ・ 溪谷，山谷
被告	被告[ひこく]  名 ⓪ ・ 被告
善悪	善悪[ぜんあく]  名 ① ・ 善惡
師走	師走[しわす]  名 ⓪ ・ 臘月，（陰曆）十二月
プラスアルファ	プラスアルファ  名 ④ ・ 加上一些；附加部分
話しぶり	話しぶり[はなしぶり]  名 ⓪ ・ 口氣，口吻
精鋭	精鋭[せいえい]  名 ⓪ ・ 精銳，菁英
時価	時価[じか]  名 ① ・ 時價，市值
ありがたみ	ありがたみ  名 ⓪⑤ ・ 恩惠，價值
恩人	恩人[おんじん]  名 ⓪③ ・ 恩人
厳冬	厳冬[げんとう]  名 ⓪ ・ 嚴冬，隆冬
最高峰	最高峰[さいこうほう]  名 ③ ・ 最高峰；巔峰
布地	布地[ぬのじ]  名 ⓪ ・ 布料，衣料
大国	大国[たいこく]  名 ⓪ ・ 大國，強國
仏閣	仏閣[ぶっかく]  名 ⓪ ・ 佛閣，佛堂，寺院
白木	白木[しらき]  名 ⓪ ・ 本色木料
甲斐[かい]性	甲斐[かい]性[かいしょう]  名 ③⓪ ・ 有志氣，要強，出息
敷地	敷地[しきち]  名 ⓪ ・ 用地，地皮
流派	流派[りゅうは]  名 ① ・ 流派，門派
実権	実権[じっけん]  名 ⓪ ・ 實權
揚げ物	揚げ物[あげもの]  名 ⓪ ・ 油炸的食品
役柄	役柄[やくがら]  名 ⓪④ ・ 職務的性質；職位的身份；角色的類型
正論	正論[せいろん]  名 ⓪ ・ 正論，合乎道理的言論
和歌	和歌[わか]  名 ① ・ 和歌
美意識	美意識[びいしき]  名 ② ・ 審美意識，審美觀
手持ち	手持ち[てもち]  名 ⓪③ ・ 手頭有的，手頭的
本意	本意[ほんい]  名 ① ・ 真心，真意；本來的願望，初衷
手始め	手始め[てはじめ]  名 ② ・ 開始，開端
前略	前略[ぜんりゃく]  名・自他動3 ① ・ 前略
ひたひた	ひたひた  副 ①②⓪ ・ 嘩啦嘩啦；逐漸逼近；液體的量剛好淹沒裡面東西的樣子
悲哀	悲哀[ひあい]  名 ⓪ ・ 悲哀
ボンベ	ボンベ  名 ① ・ 液化氣瓶，儲氣瓶
成虫	成虫[せいちゅう]  名 ⓪ ・ 成蟲
書棚	書棚[しょだな]  名 ⓪ ・ 書架，書櫥
かもめ	かもめ  名 ⓪ ・ 海鷗
町人	町人[ちょうにん]  名 ⓪① ・ （江戶時代的社會階層之一，指住在都市的）商人，工匠
狸[たぬき]	狸[たぬき][たぬき]  名 ① ・ 貉，狸
至上	至上[しじょう]  名・ナ形 ⓪ ・ 至上，最高
物陰	物陰[ものかげ]  名 ⓪③ ・ 背地，暗地，暗處
巨木	巨木[きょぼく]  名 ⓪ ・ 大樹
新茶	新茶[しんちゃ]  名 ⓪ ・ 新茶
振幅	振幅[しんぷく]  名 ⓪ ・ 振幅
自意識	自意識[じいしき]  名 ② ・ 自我意識，個性
同類	同類[どうるい]  名 ⓪ ・ 同種類；同夥
虫害	虫害[ちゅうがい]  名 ⓪ ・ 蟲害
製薬	製薬[せいやく]  名 ⓪ ・ 製藥
害鳥	害鳥[がいちょう]  名 ⓪ ・ 害鳥
汚名	汚名[おめい]  名 ⓪ ・ 汙名，臭名，壞名聲
品ぞろえ	品ぞろえ[しなぞろえ]  名 ⓪③ ・ 商品種類；準備各種各樣的商品
節度	節度[せつど]  名 ① ・ 適度，節制
私生活	私生活[しせいかつ]  名 ② ・ 私生活
放し飼い	放し飼い[はなしがい]  名 ⓪ ・ 放養，牧放
可否	可否[かひ]  名 ① ・ 好壞，是非；贊成與反對
オアシス	オアシス  名 ①② ・ 綠洲；舒緩身心的事物
内実	内実[ないじつ]  名 ⓪ ・ 內情，內幕；其實，說實在的
条例	条例[じょうれい]  名 ⓪ ・ 條例
異色	異色[いしょく]  名 ⓪ ・ 不同的顏色；特色
遠隔	遠隔[えんかく]  名 ⓪ ・ 遠隔，遠距離
さぞかし	さぞかし  副 ① ・ 想必，一定是
特典	特典[とくてん]  名 ⓪ ・ 優惠，特殊利益
含み笑い	含み笑い[ふくみわらい]  名 ④ ・ 抿嘴笑
趣向	趣向[しゅこう]  名 ⓪ ・ （動）腦筋，（下）工夫
文言	文言[もんごん]  名 ⓪③ ・ （文章中的）詞句
巨額	巨額[きょがく]  ナ形・名 ⓪ ・ 巨額
近海	近海[きんかい]  名 ⓪ ・ 近海
後書き	後書き[あとがき]  名 ⓪ ・ 附筆，跋，後記
第一人者	第一人者[だいいちにんしゃ]  名 ①+③,⑤ ・ 第一人，首屈一指的人
拍車をかける	拍車をかける[はくしゃをかける]  成句 ・ 加速，加快，促進
若年	若年[じゃくねん]  名 ⓪ ・ 年輕（人）
行間	行間[ぎょうかん]  名 ⓪ ・ 行距；行間，字裡行間
随想	随想[ずいそう]  名 ⓪ ・ 隨感
醍醐[だいご]味	醍醐[だいご]味[だいごみ]  名 ③⓪ ・ 深奧的妙趣，樂趣
家系	家系[かけい]  名 ⓪ ・ 世系，世家
見ず知らず	見ず知らず[みずしらず]  名 ① ・ 素不相識，陌生
前衛	前衛[ぜんえい]  名 ⓪ ・ 先鋒，前衛，先驅
力士	力士[りきし]  名 ① ・ 相撲力士
スコア	スコア  名 ② ・ （比賽中的）成績，得分
スタンス	スタンス  名 ② ・ 擊球時兩腳叉開的姿勢；立場，立足點
内外	内外[ないがい]  名 ① ・ 內外，裡外；國內外；左右，上下
栄養士	栄養士[えいようし]  名 ③ ・ 營養師
汗だく	汗だく[あせだく]  ナ形・名 ⓪ ・ 渾身是汗
凡人	凡人[ぼんじん]  名 ⓪ ・ 凡人、普通人
論拠	論拠[ろんきょ]  名 ① ・ 論據
小惑星	小惑星[しょうわくせい]  名 ③ ・ 小行星
デフレ	デフレ  名 ⓪ ・ 通貨緊縮
洋画	洋画[ようが]  名 ⓪ ・ 西洋畫，油畫；西方影片，外國影片
遠目	遠目[とおめ]  名 ⓪ ・ 從遠處看；看得遠；遠視
砂 塵[じん]	砂 塵[じん]  名 ⓪ ・ 沙塵
思うに	思うに[おもうに]  副 ② ・ 想來，我以為
有毒	有毒[ゆうどく]  ナ形・名 ⓪ ・ 有毒
十人十色	十人十色[じゅうにんといろ]  名 ①+① ・ （人的性格、思想、愛好）各不相同
当座	当座[とうざ]  名 ⓪ ・ 即席，當場；當時，暫時；活期
一体全体	一体全体[いったいぜんたい]  副 ⓪+⓪ ・ 到底，究竟
どじ	どじ  ナ形・名 ① ・ 失敗，笨蛋，蠢貨
体面	体面[たいめん]  名 ⓪③ ・ 體面，面子
庭木	庭木[にわき]  名 ⓪ ・ 庭園的樹木
木陰	木陰[こかげ]  名 ⓪ ・ 樹陰，樹下
手探り	手探り[てさぐり]  名 ② ・ 摸；摸索
コンスタント	コンスタント  ナ形・名 ① ・ 常數，恆量；經常，安定的
持ち前	持ち前[もちまえ]  名 ⓪ ・ 天性，生性；（各人的）份額，職責
上級生	上級生[じょうきゅうせい]  名 ③ ・ 高年級學生
真意	真意[しんい]  名 ① ・ 本意，真意；真正的意思
通例	通例[つうれい]  副・名 ⓪ ・ 通例，慣例；照例，通常
寝床	寝床[ねどこ]  名 ⓪ ・ 睡鋪，被窩
骨 董[とう]	骨 董[とう]  名 ⓪ ・ 古董，骨董，古玩
面識	面識[めんしき]  名 ⓪ ・ 認識
心底	心底[しんそこ]  副・名 ⓪① ・ （從）心裡，（打從）心眼裡
官公庁	官公庁[かんこうちょう]  名 ③ ・ 行政機關，政府機關和公共團體機關
一辺倒	一辺倒[いっぺんとう]  名 ③ ・ 一邊倒
逆手	逆手[さかて]  名 ⓪ ・ 倒持，倒握；反握；利用對方的論點反擊對方，將計就計
スリル	スリル  名 ① ・ 驚險，刺激
ぬるぬる	ぬるぬる  副 ① ・ 黏滑地
抱負	抱負[ほうふ]  名 ⓪ ・ 抱負
放射状	放射状[ほうしゃじょう]  名 ⓪ ・ 放射狀
県立	県立[けんりつ]  名 ⓪ ・ 縣立，縣辦
盲目	盲目[もうもく]  名 ⓪ ・ 失明；盲目，沒有理智
盲導犬	盲導犬[もうどうけん]  名 ⓪ ・ 導盲犬
初恋	初恋[はつこい]  名 ⓪ ・ 初戀
同質	同質[どうしつ]  名・ナ形 ⓪ ・ 同質，同一性質
すぐさま	すぐさま  副 ① ・ 馬上，立刻，立即
横目	横目[よこめ]  名 ⓪ ・ 斜視，側視
おなじみ	おなじみ  名 ⓪ ・ 熟識，熟識的人
掛け声	掛け声[かけごえ]  名 ②③ ・ 吆喝聲，喝采聲，號子聲；空喊
ナノ	ナノ  造 ① ・ 十億分之一，奈
ハム	ハム  名 ① ・ 火腿
実話	実話[じつわ]  名 ⓪ ・ 實話，真人真事
大波	大波[おおなみ]  名 ⓪ ・ 大浪，巨浪
水量	水量[すいりょう]  名 ③ ・ 水量
七色	七色[なないろ]  名 ② ・ 七色；七種，多種
波紋	波紋[はもん]  名 ⓪ ・ 波紋；影響
世評	世評[せひょう]  名 ⓪ ・ 社會上的評論，輿論
白書	白書[はくしょ]  名 ① ・ 白皮書
力量	力量[りきりょう]  名 ⓪② ・ 能力；本領
副産物	副産物[ふくさんぶつ]  名 ③ ・ 副產品；附帶的收穫
悪臭	悪臭[あくしゅう]  名 ⓪ ・ 惡臭，難聞的氣味
適量	適量[てきりょう]  名 ⓪ ・ 適量
校内	校内[こうない]  名 ① ・ 校內，學校裡
喪	喪[も]  名 ⓪ ・ 居喪，服喪
二者択一	二者択一[にしゃたくいつ]  名 ①+⓪ ・ 二選一
かもしか	かもしか  名 ⓪ ・ 羚羊
山里	山里[やまざと]  名 ⓪ ・ 山村，山中的村莊
家柄	家柄[いえがら]  名 ⓪④ ・ 名門
藻類	藻類[そうるい]  名 ① ・ 藻類
中生代	中生代[ちゅうせいだい]  名 ③ ・ 中生代
無我夢中	無我夢中[むがむちゅう]  名 ①+⓪ ・ 拚命，忘我
債務	債務[さいむ]  名 ① ・ 債務
手付かず	手付かず[てつかず]  ナ形・名 ②③ ・ 還沒使用，還沒著手
異例	異例[いれい]  名 ⓪ ・ 破例，破格，沒有前例
つぶさに	つぶさに  副 ① ・ 詳細，詳盡，仔細
脈絡	脈絡[みゃくらく]  名 ⓪ ・ 血管；脈絡，條理
私事	私事[しじ]  名 ① ・ 私事；私人秘密，隱私
空論	空論[くうろん]  名 ⓪ ・ 空論，空談，脫離實際的理論
杭[くい]	杭[くい][くい]  名 ① ・ 樁子
的外れ	的外れ[まとはずれ]  ナ形・名 ③ ・ 離題，不中肯
物流	物流[ぶつりゅう]  名 ⓪ ・ 物流
盛況	盛況[せいきょう]  名 ⓪ ・ 盛況
余波	余波[よは]  名 ① ・ 餘波；影響
足場	足場[あしば]  名 ③ ・ 立足點；鷹架；（精神上的）立足點，基礎；交通之便
口数	口数[くちかず]  名 ⓪ ・ 話語的數量；人數；件數
後味	後味[あとあじ]  名 ⓪② ・ 口中餘味；餘味，後味
存亡	存亡[そんぼう]  名 ⓪ ・ 存亡
一まとめ	一まとめ[ひとまとめ]  名 ②③ ・ 總括到一起，歸攏到一起
失意	失意[しつい]  名 ①② ・ 失意，不如意
往年	往年[おうねん]  名 ⓪ ・ 往時，從前
車中	車中[しゃちゅう]  名 ⓪① ・ 車中，車上，車內
抑揚	抑揚[よくよう]  名 ⓪ ・ 抑揚
厳寒	厳寒[げんかん]  名 ⓪ ・ 嚴寒，酷寒
平屋	平屋[ひらや]  名 ⓪ ・ 平房
路面	路面[ろめん]  名 ⓪① ・ 路面
余力	余力[よりょく]  名 ⓪ ・ 餘力
厚手	厚手[あつで]  ナ形・名 ⓪ ・ （紙、衣料、陶瓷等的質地）厚
ホワイト	ホワイト  名 ② ・ 白，白色
不慮	不慮[ふりょ]  名 ① ・ 意外，不測
単行本	単行本[たんこうぼん]  名 ⓪ ・ 單行本
物真似	物真似[ものまね]  他動3・名 ⓪ ・ 仿效，模仿；口技
一身	一身[いっしん]  名 ③ ・ 自己，自身，全身
曲がりなりにも	曲がりなりにも[まがりなりにも]  副 ⑤⑥ ・ 勉勉強強，好歹
持論	持論[じろん]  名 ⓪ ・ 一貫的主張
快挙	快挙[かいきょ]  名 ① ・ 果敢的行動，壯舉，令人稱快的行為
通行止め	通行止め[つうこうどめ]  名 ⓪ ・ 禁止通行
中核	中核[ちゅうかく]  名 ⓪ ・ 中心，核心，骨幹
自説	自説[じせつ]  名 ⓪ ・ 己見，自己的意見
受け皿	受け皿[うけざら]  名 ⓪② ・ 托盤；收容的機構
即時	即時[そくじ]  副 ① ・ 立即，立刻
痛烈	痛烈[つうれつ]  ナ形・名 ⓪ ・ 猛烈，激烈
緻密	緻密[ちみつ]  ナ形・名 ⓪ ・ （布、紙等）細緻，細密；周密，縝密
絶大	絶大[ぜつだい]  名・ナ形 ⓪ ・ 巨大，極大
雄大	雄大[ゆうだい]  ナ形 ⓪ ・ 雄偉，雄壯，宏偉，宏大
些[さ]細	些[さ]細[ささい]  ナ形 ① ・ 細微，瑣細，微不足道
適任	適任[てきにん]  ナ形・名 ⓪ ・ 適合（某種工作），勝任，稱職
小規模	小規模[しょうきぼ]  ナ形・名 ③ ・ 小規模
メイン	メイン  名 ① ・ 主要的，重要的，中心的
不透明	不透明[ふとうめい]  ナ形・名 ② ・ 不透明；不明朗
孤高	孤高[ここう]  名・ナ形 ⓪ ・ 孤高，高傲
必至	必至[ひっし]  ナ形・名 ⓪ ・ 必至，一定到來
型破り	型破り[かたやぶり]  ナ形・名 ③ ・ 打破常規，破格，破例
身勝手	身勝手[みがって]  ナ形・名 ② ・ 自私，任性
不器用	不器用[ぶきよう]  ナ形・名 ② ・ 笨，笨拙，不熟練
鮮烈	鮮烈[せんれつ]  名・ナ形 ⓪ ・ 強烈，深刻
傲慢	傲慢[ごうまん]  ナ形・名 ⓪ ・ 傲慢，驕傲
難解	難解[なんかい]  名・ナ形 ⓪ ・ 難解，難懂
独りよがり	独りよがり[ひとりよがり]  ナ形・名 ④ ・ 自以為是，自命不凡
愚直	愚直[ぐちょく]  ナ形・名 ⓪ ・ 憨直，太過正直
ぼろくそ	ぼろくそ  ナ形・名 ⓪ ・ 一錢不值
コンパクト	コンパクト  ナ形・名 ①③ ・ 帶鏡小粉盒；小型而內容充實的，緊湊型
不能	不能[ふのう]  名・ナ形 ⓪ ・ 不能；無能，沒有才能
豪快	豪快[ごうかい]  ナ形・名 ⓪ ・ 豪爽，豪邁
不可分	不可分[ふかぶん]  ナ形・名 ② ・ 分不開，離不開
空虚	空虚[くうきょ]  ナ形・名 ① ・ 空的；空虛，空洞，沒有內容，沒有價值
一目瞭然	一目瞭然[いちもくりょうぜん]  ナ形 ⓪+⓪,②+⓪ ・ 一目瞭然
適正	適正[てきせい]  ナ形・名 ⓪ ・ 適當，公平，合理
不機嫌	不機嫌[ふきげん]  ナ形・名 ② ・ 不高興，不痛快，不開心
風流	風流[ふうりゅう]  ナ形・名 ① ・ 風流，優美，風雅
不毛	不毛[ふもう]  ナ形・名 ⓪ ・ 不毛，無成果
無害	無害[むがい]  ナ形・名 ① ・ 無害，無害處
あからさま	あからさま  ナ形 ⓪ ・ 明顯，露骨
逃げ腰	逃げ腰[にげごし]  名 ⓪ ・ 想要逃脫，想要逃避
不用意	不用意[ふようい]  ナ形・名 ② ・ 沒準備；不慎，不小心
画一的	画一的[かくいつてき]  ナ形 ⓪ ・ 統一的，劃一的
筋違い	筋違い[すじちがい]  ナ形・名 ③ ・ 不像話，不合理；扭筋，錯筋
微細	微細[びさい]  ナ形・名 ⓪ ・ 微小，細微
従順	従順[じゅうじゅん]  ナ形・名 ⓪ ・ 順從，聽話，溫順
尊大	尊大[そんだい]  ナ形・名 ⓪ ・ 自大，驕傲自大
熱烈	熱烈[ねつれつ]  ナ形・名 ⓪ ・ 熱烈，火熱，熱情
カジュアル	カジュアル  ナ形 ① ・ 休閒（的），輕便（的），舒適（的）
公的	公的[こうてき]  ナ形 ⓪ ・ 公共的，官方的
広範囲	広範囲[こうはんい]  ナ形・名 ③ ・ 範圍廣大
深遠	深遠[しんえん]  名・ナ形 ⓪ ・ 深遠，深奧
上出来	上出来[じょうでき]  ナ形・名 ⓪ ・ 做得很好，結果非常成功
高慢	高慢[こうまん]  ナ形 ⓪ ・ 傲慢，高傲
ちっぽけ	ちっぽけ  ナ形 ③ ・ 極小
無心	無心[むしん]  ナ形・他動3・名 ⓪ ・ 天真；專心；索要錢財
明快	明快[めいかい]  ナ形・名 ⓪ ・ 明快，條理清楚，平明易解
伸びやか	伸びやか[のびやか]  ナ形 ② ・ 舒展，悠然自得
突っ走る	突っ走る[つっぱしる]  自動1 ④ ・ 飛跑；（朝著某個目標）衝刺
ほどける	ほどける  自動2 ③ ・ （繫著的東西）解開；消，解消
生き抜く	生き抜く[いきぬく]  自動1 ⓪③ ・ （掙扎著）活下去
行き渡る	行き渡る[ゆきわたる]  自動1 ④ ・ 遍布，普及
見定める	見定める[みさだめる]  他動2 ⓪④ ・ 看準，看清
閉ざす	閉ざす[とざす]  他動1 ⓪② ・ 鎖上（門窗）；閉上；封鎖；封閉
置き換える	置き換える[おきかえる]  他動2 ③④ ・ 挪到；調換，替換
抱え込む	抱え込む[かかえこむ]  他動1 ④ ・ 雙手抱，夾；承擔（負擔等）
講じる	講じる[こうじる]  他動2 ⓪③ ・ 講授；謀求，採取（措施）
この上ない	この上ない[このうえない]  イ形 ⑤ ・ 無上，無以復加
包み込む	包み込む[つつみこむ]  他動1 ④ ・ 包進去，包在裡面
踏ん張る	踏ん張る[ふんばる]  自動1 ③ ・ 叉開雙腳用力站穩；堅持，掙扎
駆り立てる	駆り立てる[かりたてる]  他動2 ④ ・ 迫使，逼迫，驅使
振り向ける	振り向ける[ふりむける]  他動2 ④ ・ 轉向；挪用，充當
指し示す	指し示す[さししめす]  他動1 ⓪④ ・ 示出，指示
てらう	てらう  他動1 ⓪② ・ 炫耀，誇耀，顯示
せこい	せこい  イ形 ② ・ 心胸狹窄，狡猾，小氣
狭まる	狭まる[せばまる]  自動1 ③ ・ （空間、間隔、範圍等）變窄
ほぐす	ほぐす  他動1 ② ・ 解開，拆開，理開；揉開，使……鬆弛
干からびる	干からびる[ひからびる]  自動2 ⓪④ ・ 乾涸，乾枯
出しゃばる	出しゃばる[でしゃばる]  自動1 ③ ・ 多管閒事，多嘴多舌
押しやる	押しやる[おしやる]  他動1 ③ ・ 推開
育て上げる	育て上げる[そだてあげる]  他動2 ⓪⑤ ・ 養育成人
見据える	見据える[みすえる]  他動2 ⓪③ ・ 盯著看；看準
立ち向かう	立ち向かう[たちむかう]  自動1 ⓪④ ・ 對抗，頂撞；應付，面臨
動じる	動じる[どうじる]  自動2 ⓪③ ・ 動搖，心慌
働かす	働かす[はたらかす]  他動1 ⓪ ・ 使勞動，使動作；發揮
群れる	群れる[むれる]  自動2 ② ・ 群聚，群集，聚集
世知辛い	世知辛い[せちがらい]  イ形 ④ ・ 生活艱苦，日子不好過；小氣，好打小算盤
かけ離れる	かけ離れる[かけはなれる]  自動2 ⓪⑤ ・ 相離太遠，相差懸殊
立ち戻る	立ち戻る[たちもどる]  自動1 ⓪④ ・ 回來，返回
付け込む	付け込む[つけこむ]  自他動1 ③ ・ 抓住機會，乘機；記賬，記流水賬
埋もれる	埋もれる[うもれる]  自動2 ⓪ ・ （被）埋上，壓埋；湮沒，埋沒
探し回る	探し回る[さがしまわる]  他動1 ⑤ ・ 到處尋找，到處搜尋
そぐ	そぐ  他動1 ① ・ 削，割；削尖；削弱
せわしない	せわしない  イ形 ④ ・ 忙，忙碌
すごむ	すごむ  自動1 ② ・ 威嚇，恐嚇
推し量る	推し量る[おしはかる]  他動1 ④ ・ 推測，推想，猜測
没する	没する[ぼっする]  自他動3 ⓪③ ・ 沉沒；死去；隱沒；沒收
青臭い	青臭い[あおくさい]  イ形 ④ ・ 青澀，幼稚
ぎこちない	ぎこちない  イ形 ④ ・ 笨拙，生硬，不流暢
揺るぎない	揺るぎない[ゆるぎない]  イ形 ④ ・ 鞏固，牢固
畳み込む	畳み込む[たたみこむ]  他動1 ④ ・ 摺疊起來；放在心裡；連珠炮
植え付ける	植え付ける[うえつける]  他動2 ④ ・ 種植，插秧；灌輸
練り上げる	練り上げる[ねりあげる]  他動2 ⓪④ ・ 攪拌好；精煉，推敲
ちりばめる	ちりばめる  他動2 ④ ・ 鑲嵌
持ち直す	持ち直す[もちなおす]  自他動1 ⓪④ ・ 改變拿法；恢復；好轉
古びる	古びる[ふるびる]  自動2 ③ ・ 變舊，陳舊
張り出す	張り出す[はりだす]  自他動1 ③ ・ 突出，伸出；公布，揭示
挙がる	挙がる[あがる]  自動1 ⓪ ・ 舉起來；被提出；被逮捕
跳ね上がる	跳ね上がる[はねあがる]  自動1 ⓪④ ・ 飛濺；（物價等）暴漲；行動過激
せがむ	せがむ  他動1 ② ・ 央求，糾纏
失[う]せる	失[う]せる[うせる]  自動2 ② ・ 消失
際立つ	際立つ[きわだつ]  自動1 ③ ・ 顯著，顯眼，與眾不同
練り直す	練り直す[ねりなおす]  他動1 ⓪④ ・ 再揉和；重新思考，推敲
くびれる	くびれる  自動2 ⓪③ ・ 中間變細
切らす	切らす[きらす]  他動1 ② ・ 中斷的狀態；用盡，用光
はみ出す	はみ出す[はみだす]  自動1 ③⓪ ・ 超出限度，越出範圍
書き入れる	書き入れる[かきいれる]  他動2 ⓪④ ・ 寫上，記入
売り込む	売り込む[うりこむ]  他動1 ③ ・ 推銷；出賣（秘密）
埋め立てる	埋め立てる[うめたてる]  他動2 ④ ・ 填海造地
買い占める	買い占める[かいしめる]  他動2 ④ ・ （為了獲利）全部買下，囤積
手間取る	手間取る[てまどる]  自動1 ③ ・ 費事，費工夫，費時間
割り切る	割り切る[わりきる]  他動1 ③ ・ （除法）除盡；想開，看開
引き締まる	引き締まる[ひきしまる]  自動1 ④ ・ 緊繃，緊緻；緊張，不鬆懈
黒ずむ	黒ずむ[くろずむ]  自動1 ③ ・ 發黑，帶黑色
うろつく	うろつく  自動1 ⓪ ・ 彷徨，徘徊，閒蕩
念じる	念じる[ねんじる]  他動2 ⓪③ ・ 念念不忘，祈禱；默念
さもしい	さもしい  イ形 ③ ・ 下流，卑鄙，卑劣，貪婪無恥
凝り固まる	凝り固まる[こりかたまる]  自動1 ⓪⑤ ・ 凝固，凝結；狂熱，熱衷
知り抜く	知り抜く[しりぬく]  他動1 ③ ・ 洞悉，深知，瞭如指掌
罪深い	罪深い[つみぶかい]  イ形 ④ ・ 罪大，罪孽深重
流し込む	流し込む[ながしこむ]  他動1 ④ ・ 灌入，澆注
そぐわない	そぐわない  連語 ③ ・ 不合適，不符合
襲いかかる	襲いかかる[おそいかかる]  自動1 ⑤ ・ 襲擊過來，猛撲過來，進攻過來
宿す	宿す[やどす]  他動1 ② ・ 保有，留下；懷孕
浮かれる	浮かれる[うかれる]  自動2 ⓪ ・ 興高采烈，得意忘形
思い返す	思い返す[おもいかえす]  他動1 ④ ・ 再想一遍，回想；重新考慮，改變主意
見透かす	見透かす[みすかす]  他動1 ⓪③ ・ 看穿，看透
見せかける	見せかける[みせかける]  他動2 ⓪④ ・ 假裝，裝作
やり切れない	やり切れない[やりきれない]  連語 ④ ・ 做不完；受不了
真新しい	真新しい[まあたらしい]  イ形 ⑤ ・ 嶄新，全新
しょい込む	しょい込む[しょいこむ]  他動1 ③ ・ 背上；擔負，承擔
咲き乱れる	咲き乱れる[さきみだれる]  自動2 ⑤ ・ 繁花盛開
見せつける	見せつける[みせつける]  他動2 ⓪④ ・ 賣弄，炫耀
胡散[うさん]臭い	胡散[うさん]臭い[うさんくさい]  イ形 ⑤ ・ 形跡可疑，奇怪，蹊蹺
見て取る	見て取る[みてとる]  他動1 ①+① ・ 看破，看穿
引き戻す	引き戻す[ひきもどす]  他動1 ④ ・ 拉回，拽回
潤す	潤す[うるおす]  他動1 ③ ・ 潤，弄濕；使受惠
興す	興す[おこす]  他動1 ② ・ 興辦，振興
耐え抜く	耐え抜く[たえぬく]  自動1 ③ ・ 忍到最後，堅持到底
押し込める	押し込める[おしこめる]  他動2 ④ ・ 塞進，硬塞；關在裡面，監禁
見立てる	見立てる[みたてる]  他動2 ⓪③ ・ 選擇；診斷；比作
耳慣れる	耳慣れる[みみなれる]  自動2 ④ ・ 聽慣，耳熟
牛耳る	牛耳る[ぎゅうじる]  他動1 ③ ・ 執牛耳，把持，操縱，主宰
疎ましい	疎ましい[うとましい]  イ形 ④ ・ 討厭，厭惡
投げかける	投げかける[なげかける]  他動2 ⓪④ ・ 隨手搭上，披上；（視線、話語等）投向；提出；倚靠
ほほえましい	ほほえましい  イ形 ⑤ ・ 使人欣慰，招人微笑
根差す	根差す[ねざす]  自動1 ② ・ 生根；扎根；起因，由來
見返す	見返す[みかえす]  他動1 ⓪② ・ 回頭看；重看，反覆看；回看，還眼；（受了侮辱或輕視後）爭氣
細める	細める[ほそめる]  他動2 ③ ・ 使細，弄細
見下す	見下す[みくだす]  他動1 ⓪③ ・ 看不起，輕視；往下看，俯視
塗り替える	塗り替える[ぬりかえる]  他動2 ③④ ・ 重新塗抹，重畫
てこずる	てこずる  自動1 ③ ・ 棘手，難對付，犯難
渋る	渋る[しぶる]  自他動1 ② ・ 不肯，不痛快，不爽快；不流暢，發澀
切り立つ	切り立つ[きりたつ]  自動1 ⓪③ ・ 峭立，陡立，陡峭
かたどる	かたどる  他動1 ③ ・ 仿照，形象化
織り成す	織り成す[おりなす]  他動1 ③ ・ 織成，織出；穿插成，組成
語り継ぐ	語り継ぐ[かたりつぐ]  他動1 ④ ・ 不斷地講述並傳承給下一代
継ぎ足す	継ぎ足す[つぎたす]  他動1 ⓪③ ・ 接上，添上，加上，補上
すり減らす	すり減らす[すりへらす]  他動1 ⓪④ ・ 磨薄；勞神，費心
打ち付ける	打ち付ける[うちつける]  他動2 ⓪④ ・ 用力撞擊；釘（上）
ずれ込む	ずれ込む[ずれこむ]  自動1 ⓪③ ・ 推遲，拖延
押し通す	押し通す[おしとおす]  他動1 ③ ・ 強行通過；硬幹，固執到底
降りかかる	降りかかる[ふりかかる]  自動1 ④ ・ 落到；降臨
堅苦しい	堅苦しい[かたくるしい]  イ形 ⑤⓪ ・ 限制過嚴，死板
かき集める	かき集める[かきあつめる]  他動2 ⓪⑤ ・ 扒，摟；搜羅，搜集
取り決める	取り決める[とりきめる]  他動2 ⓪④ ・ 決定，商定，議定
掘り下げる	掘り下げる[ほりさげる]  他動2 ⓪④ ・ 往下深挖；深入思考，挖掘（思想）
あやす	あやす  他動1 ② ・ 哄，逗（小孩子）
行き交う	行き交う[ゆきかう]  自動1 ③ ・ （行人）往來
痩せ衰える	痩せ衰える[やせおとろえる]  自動2 ⑤⑥ ・ 消瘦，瘦弱
忍びない	忍びない[しのびない]  連語 ④ ・ （…に忍びない）忍不住，不忍
ほぐれる	ほぐれる  自動2 ③ ・ 開，解開；舒暢，開朗
絡み合う	絡み合う[からみあう]  自動1 ④ ・ 互相纏繞，攪在一起；互相糾纏，彼此牽扯
がらり	がらり  副 ②③ ・ 嘩啦，轟隆，轟；突然改變，豹變
別途	別途[べっと]  名 ⓪① ・ 另，另外
順次	順次[じゅんじ]  副 ① ・ 順次，依次
ありあり	ありあり  副 ③ ・ 清清楚楚；歷歷在目
ひしひし	ひしひし  副 ②① ・ 深刻地，深深地
ならでは	ならでは  連語 ① ・ 非……不可，除……之外別無其他
まくる	まくる  他動1 ⓪ ・ 挽，捲起；（接在動詞連用形後）激烈地，持續不斷地
何かしら	何かしら[なにかしら]  副 ⓪ ・ 什麼，某種；不知為何
常時	常時[じょうじ]  名 ① ・ 平時，平常；經常，時常
根こそぎ	根こそぎ[ねこそぎ]  副・名 ⓪ ・ 連根拔起；徹底地
随時	随時[ずいじ]  副 ① ・ 隨時
来春	来春[らいしゅん]  名 ⓪ ・ 明年春天
紀元前	紀元前[きげんぜん]  名 ② ・ 西元前
何物	何物[なにもの]  名 ⓪ ・ 什麼東西，何物
苦しみ	苦しみ[くるしみ]  名 ⓪③④ ・ 痛苦，苦惱，困難，困苦
暴走	暴走[ぼうそう]  名・自動3 ⓪ ・ 亂跑，狂駛；失控；魯莽從事
仮面	仮面[かめん]  名 ⓪ ・ 假臉；面具
怪物	怪物[かいぶつ]  名 ⓪ ・ 怪物，妖怪；（言行奇特的）神秘人物，怪傑，怪人
一族	一族[いちぞく]  名 ② ・ 一族，整個家族，同族
平然	平然[へいぜん]  形動トタル ⓪ ・ 沉著，冷靜，鎮靜，不在乎
はっと	はっと  副 ①⓪ ・ 突然（想起）；（因意外事件而）吃驚
目線	目線[めせん]  名 ⓪ ・ 視線；觀點
食材	食材[しょくざい]  名 ⓪ ・ 食材
光栄	光栄[こうえい]  名・ナ形 ⓪ ・ 光榮，榮譽
ライン	ライン  名 ① ・ 線；水平；航線
飛び降りる	飛び降りる[とびおりる]  自動2 ④ ・ （從高處或行駛的交通工具）跳下
初日	初日[しょにち]  名 ⓪ ・ 第一天
後ろ姿	後ろ姿[うしろすがた]  名 ④ ・ 背影
結末	結末[けつまつ]  名 ⓪ ・ （最後的）結果，結局
店主	店主[てんしゅ]  名 ① ・ 店主
大規模	大規模[だいきぼ]  ナ形・名 ③ ・ 大規模，規模宏大
突き刺す	突き刺す[つきさす]  他動1 ③ ・ 扎，刺；刺痛
大して	大して[たいして]  副 ① ・ 並不那麼……
豚	豚[ぶた]  名 ⓪ ・ 豬；豬肉
強大	強大[きょうだい]  名・ナ形 ⓪ ・ 強大，強盛，雄厚
我が家	我が家[わがや]  名 ① ・ 自己的家，我家
四方	四方[しほう]  名 ①② ・ 四方（東西南北）；四周，周圍；四角，方形
自力	自力[じりき]  名 ⓪ ・ 自力
流れ込む	流れ込む[ながれこむ]  自動1 ④ ・ 流入，注入
偽	偽[にせ]  名 ⓪ ・ 假，假冒，贗品
責任者	責任者[せきにんしゃ]  名 ③ ・ 負責人
見比べる	見比べる[みくらべる]  他動2 ⓪④ ・ （對照著）比較，對比
賛同	賛同[さんどう]  名・自動3 ⓪ ・ 贊同，贊成，同意
苦悩	苦悩[くのう]  名・自動3 ⓪① ・ 苦惱，煩惱，苦悶
絶好	絶好[ぜっこう]  名 ⓪ ・ 絕好，絕佳，最好
来客	来客[らいきゃく]  名 ⓪ ・ 來客
立ち入る	立ち入る[たちいる]  自動1 ⓪③ ・ 進入；介入，干涉
影響力	影響力[えいきょうりょく]  名 ③ ・ 影響力
強固	強固[きょうこ]  ナ形 ① ・ 鞏固，堅固，堅強
過ぎ去る	過ぎ去る[すぎさる]  自動1 ⓪③ ・ 通過；過去，消逝
路上	路上[ろじょう]  名 ⓪ ・ 路上，街上
極度	極度[きょくど]  ナ形・名 ① ・ 極端，極其
使者	使者[ししゃ]  名 ① ・ 使者
次期	次期[じき]  名 ① ・ 下期，下次，下屆
草原	草原[そうげん]  名 ⓪ ・ 草原
異国	異国[いこく]  名 ⓪ ・ 異國，外國
ライブ	ライブ  名 ① ・ 現場直播；現場演奏會
パンチ	パンチ  他動3・名 ① ・ 剪票夾，打孔機；拳擊；簡潔有力，魄力
目玉	目玉[めだま]  名 ③ ・ 眼球；（「お目玉」 「大目玉」の形で）挨瞪，挨申斥；以廉價吸引顧客的（商品）
強度	強度[きょうど]  名 ① ・ 強度；程度高
強者	強者[きょうしゃ]  名 ① ・ 強者
判別	判別[はんべつ]  他動3・名 ⓪ ・ 辨別，分辨
後継者	後継者[こうけいしゃ]  名 ③ ・ 繼任者，後繼人，接班人
ぐいぐい	ぐいぐい  副 ① ・ 連續用力；使勁（喝酒等）；有力地（連續進行，不斷進展）
真夜中	真夜中[まよなか]  名 ② ・ 半夜，深夜
生命力	生命力[せいめいりょく]  名 ③ ・ 生命力
山々	山々[やまやま]  副・名 ② ・ 群山；很多；（實際上做不到但是）很想
大差	大差[たいさ]  名 ⓪① ・ 顯著的不同，很大的差別
後々	後々[のちのち]  名 ⓪ ・ 將來
義父	義父[ぎふ]  名 ① ・ 繼父；養父；岳父
質量	質量[しつりょう]  名 ② ・ （物理）質量；質和量
内面	内面[ないめん]  名 ⓪③ ・ 內部，裡面；心裡，內心
転倒	転倒[てんとう]  名・自他動3 ⓪ ・ 摔倒；顛倒；驚慌失措
勝ち取る	勝ち取る[かちとる]  他動1 ⓪③ ・ 贏得，奪得
保留	保留[ほりゅう]  他動3・名 ⓪ ・ 保留，擱置
質	質[しち]  名 ② ・ 抵押品，當的東西
苦笑	苦笑[くしょう]  名・自動3 ⓪ ・ 苦笑
背筋	背筋[せすじ]  名 ⓪① ・ 背部，脊梁；衣服背部中心的縫線
優雅	優雅[ゆうが]  ナ形・名 ① ・ 優雅，溫文爾雅；悠閒，悠然自得
鼓動	鼓動[こどう]  名・自動3 ⓪ ・ （心臟的）跳動，搏動；（比喻）感受到某種內在的、強大的力量或趨勢
降り注ぐ	降り注ぐ[ふりそそぐ]  自動1 ⓪④ ・ （日光、雨水等）不斷落下，灑下
敵意	敵意[てきい]  名 ① ・ 敵意，仇視的心
一礼	一礼[いちれい]  名・自動3 ⓪ ・ 稍施一禮，行個禮
さりげない	さりげない  イ形 ④ ・ 若無其事，毫不在意
生き延びる	生き延びる[いきのびる]  自動2 ⓪④ ・ 倖存，保住性命
思い知る	思い知る[おもいしる]  他動1 ④ ・ 深深認識到，領會到
反動	反動[はんどう]  名 ⓪ ・ 反動，反作用
浴びせる	浴びせる[あびせる]  他動2 ⓪ ・ 澆，潑；給予
よくよく	よくよく  副 ⓪ ・ 仔細地，十分注意地；非常，極其；萬不得已
致命的	致命的[ちめいてき]  ナ形 ⓪ ・ 致命的；重大的
ともあれ	ともあれ  副 ① ・ 總之；（「…はともあれ」の形で）姑且不論
万全	万全[ばんぜん]  ナ形・名 ⓪ ・ 萬全
集う	集う[つどう]  自動1 ② ・ （為了做某事而）集會，聚會
食い込む	食い込む[くいこむ]  自動1 ⓪③ ・ 深入，陷入；侵入，擠進；虧本，賠錢
度胸	度胸[どきょう]  名 ① ・ 膽量，膽子
嫌悪	嫌悪[けんお]  他動3・名 ① ・ 嫌惡，厭惡
透ける	透ける[すける]  自動2 ⓪ ・ 透過……看見，透明的
当事者	当事者[とうじしゃ]  名 ③ ・ 當事人
降参	降参[こうさん]  名・自動3 ⓪ ・ 投降；束手無策，無計可施
詮索	詮索[せんさく]  他動3・名 ⓪ ・ 探索，調查（細節）
着用	着用[ちゃくよう]  他動3・名 ⓪ ・ 穿（衣服）
鑑定	鑑定[かんてい]  名・他動3 ⓪ ・ 鑑別，鑑定
工房	工房[こうぼう]  名 ⓪ ・ 工作室
集落	集落[しゅうらく]  名 ⓪① ・ 村子，村落；群體，集群
悪党	悪党[あくとう]  名 ③ ・ 無賴，壞蛋
隔離	隔離[かくり]  名・自他動3 ⓪① ・ 隔離；隔絕
静けさ	静けさ[しずけさ]  名 ③ ・ 寂靜，沉靜，清靜
駆け巡る	駆け巡る[かけめぐる]  自動1 ⓪④ ・ 到處奔跑
直視	直視[ちょくし]  他動3・名 ⓪① ・ 直視，注視；正視，認真看待
ファンタジー	ファンタジー  名 ① ・ 空想，幻想；幻想曲
切り落とす	切り落とす[きりおとす]  他動1 ⓪④ ・ 剪掉，砍掉；掘開堤壩
ノイズ	ノイズ  名 ①⓪ ・ 雜音，噪音
引き金	引き金[ひきがね]  名 ⓪ ・ 扳機；起因
技量	技量[ぎりょう]  名 ⓪① ・ 本事，本領，技能
素顔	素顔[すがお]  名 ① ・ 素顏；原狀，本色，真實面貌
疾走	疾走[しっそう]  名・自動3 ⓪ ・ 疾駛，快跑
機材	機材[きざい]  名 ① ・ 機械材料，機器和材料
武術	武術[ぶじゅつ]  名 ① ・ 武術，武藝
純	純[じゅん]  ナ形 ① ・ 純潔，純真，天真；純
粘膜	粘膜[ねんまく]  名 ① ・ 黏膜
思い起こす	思い起こす[おもいおこす]  他動1 ⑤ ・ 想起，回憶起
手腕	手腕[しゅわん]  名 ⓪① ・ 手腕，才幹，才能，本事，本領
生息	生息[せいそく]  名・自動3 ⓪ ・ 生活，生存，棲息
蛙[かえる]	蛙[かえる][かえる]  名 ⓪ ・ 青蛙，蛤蟆
買収	買収[ばいしゅう]  他動3・名 ⓪ ・ 收購，購入；收買
近辺	近辺[きんぺん]  名 ① ・ 近處，附近，近旁
装い	装い[よそおい]  名 ⓪③ ・ 裝束，服裝；裝飾，修飾
式典	式典[しきてん]  名 ⓪ ・ 典禮，儀式
亭主	亭主[ていしゅ]  名 ① ・ 主人，老闆；丈夫
軌跡	軌跡[きせき]  名 ⓪ ・ 軌跡，經歷，歷程
保有	保有[ほゆう]  他動3・名 ⓪ ・ 保有
繁華街	繁華街[はんかがい]  名 ③ ・ 鬧市，繁華街
行く末	行く末[ゆくすえ]  名 ⓪ ・ 將來，前途
機密	機密[きみつ]  名 ⓪ ・ 機密
際限	際限[さいげん]  名 ③ ・ 止境，盡頭
タッチ	タッチ  名・自動3 ① ・ 觸，接觸；涉及，參與；筆觸；指法
希少	希少[きしょう]  名・ナ形 ⓪ ・ 稀少，稀罕，罕見
話し込む	話し込む[はなしこむ]  自他動1 ⓪④ ・ 暢談
安物	安物[やすもの]  名 ⓪ ・ 價格便宜，品質低劣的物品
センサー	センサー  名 ① ・ 感測器，感應器
目下	目下[もっか]  名・副 ① ・ 當前，目前，現在
回線	回線[かいせん]  名 ⓪ ・ 電路，迴路，線路
無償	無償[むしょう]  名 ⓪ ・ 無償；免費
安泰	安泰[あんたい]  ナ形・名 ⓪ ・ 安泰，安寧
頼み込む	頼み込む[たのみこむ]  他動1 ④ ・ 一再請求，懇求
うずめる	うずめる  他動2 ⓪ ・ 埋，埋上；擠滿，充塞
人間性	人間性[にんげんせい]  名 ⓪ ・ 人性
幕府	幕府[ばくふ]  名 ⓪① ・ 幕府
僧侶	僧侶[そうりょ]  名 ① ・ 僧侶
資材	資材[しざい]  名 ① ・ 資材，材料
命がけ	命がけ[いのちがけ]  ナ形・名 ⓪ ・ 拚命，冒死，豁出性命
満載	満載[まんさい]  他動3・名 ⓪ ・ 滿載，裝滿；登滿
縁	縁[ふち]  名 ② ・ 邊，緣
変質	変質[へんしつ]  名・自動3 ⓪ ・ 變質；性格異常，精神變態
昇格	昇格[しょうかく]  名・自動3 ⓪ ・ 升遷，升格，晉級
モチーフ	モチーフ  名 ② ・ 動機，中心思想，主題
大多数	大多数[だいたすう]  名 ③④ ・ 大多數，大部分
脱落	脱落[だつらく]  名・自動3 ⓪ ・ 脫落，遺漏；脫離，退出
備品	備品[びひん]  名 ⓪ ・ 備品，備件
安否	安否[あんぴ]  名 ① ・ 是否平安，安否
残虐	残虐[ざんぎゃく]  ナ形・名 ⓪ ・ 兇殘，殘暴，殘忍
最短	最短[さいたん]  名 ⓪ ・ 最短
シェフ	シェフ  名 ① ・ 廚師長，主廚
連載	連載[れんさい]  他動3・名 ⓪ ・ 連載，連續刊載
酸味	酸味[さんみ]  名 ⓪①③ ・ 酸味
復元	復元[ふくげん]  名・自他動3 ⓪ ・ 復原，恢復原狀
第一印象	第一印象[だいいちいんしょう]  名 ⑤ ・ 第一印象，最初印象
ギャラリー	ギャラリー  名 ① ・ 畫廊；觀眾，觀覽席
カラフル	カラフル  ナ形 ① ・ 華麗，絢麗多彩
パズル	パズル  名 ① ・ 謎，智力測驗題
掘り起こす	掘り起こす[ほりおこす]  他動1 ⓪④ ・ 掘出；開墾土地；挖掘出來
スパイス	スパイス  名 ② ・ 調味品，香料，調料
折り合い	折り合い[おりあい]  名 ⓪ ・ 妥協，讓步；相處（的關係）
口笛	口笛[くちぶえ]  名 ⓪③ ・ 口哨
平地	平地[ひらち]  名 ⓪ ・ 平地，平川
思いとどまる	思いとどまる[おもいとどまる]  他動1 ⑥ ・ 打消主意，放棄念頭
ジェスチャー	ジェスチャー  名 ① ・ 姿態，姿勢，手勢；擺樣子，作姿態
かっと	かっと  副 ⓪① ・ 突然（旺盛或亮起來）；勃然大怒；猛然睜大（眼睛、嘴巴）
決め手	決め手[きめて]  名 ⓪ ・ 決定勝負或事物真假的最終方法、手段或根據；決定者
排出	排出[はいしゅつ]  他動3・名 ⓪ ・ 排出，排放
改装	改装[かいそう]  名・他動3 ⓪ ・ 改換裝潢，裝修
白色	白色[はくしょく]  名 ⓪ ・ 白色，白顏色
不利益	不利益[ふりえき]  ナ形・名 ② ・ 沒有利益，不利，虧損
決別	決別[けつべつ]  名・自動3 ⓪ ・ 訣別，告別
奇抜	奇抜[きばつ]  ナ形・名 ⓪ ・ 奇特，新奇，出人意料，稀奇古怪
セーブ	セーブ  他動3・名 ① ・ 節省，節約；救球；（電腦）保存
近況	近況[きんきょう]  名 ⓪ ・ 近況
羽毛	羽毛[うもう]  名 ⓪ ・ 羽毛，絨毛
実技	実技[じつぎ]  名 ① ・ 實際技巧，實際技術
免疫	免疫[めんえき]  名 ⓪ ・ 免疫；習以為常，司空見慣
美徳	美徳[びとく]  名 ⓪ ・ 美德
誓約	誓約[せいやく]  名・他動3 ⓪ ・ 誓約，起誓，盟誓
度重なる	度重なる[たびかさなる]  自動1 ⓪⑤ ・ 反覆，接二連三
奔放	奔放[ほんぽう]  名・ナ形 ⓪ ・ 奔放
清浄	清浄[せいじょう]  名・ナ形 ⓪ ・ 清淨，清潔
適合	適合[てきごう]  名・自動3 ⓪ ・ 適合，適應，符合
蒸し返す	蒸し返す[むしかえす]  他動1 ⓪③ ・ 重蒸，回籠；舊事重提，老調重彈
あさる	あさる  他動1 ⓪ ・ 尋找食物；到處尋找；（接續動詞的連用形）到處……
思い違い	思い違い[おもいちがい]  名・自動3 ⓪ ・ 想錯，誤會，誤解
周到	周到[しゅうとう]  ナ形・名 ⓪ ・ 周密，綿密，周全，周到
ぎくしゃく	ぎくしゃく  副 ① ・ 不靈活，生硬，不融洽
先手	先手[せんて]  名 ⓪ ・ 先下手，搶先，先發制人
演算	演算[えんざん]  名・他動3 ⓪ ・ 演算，運算，計算
物知り	物知り[ものしり]  名 ③④ ・ 知識淵博（的人）
残留	残留[ざんりゅう]  名・自動3 ⓪ ・ 餘留，留下，剩下
排斥	排斥[はいせき]  他動3・名 ⓪ ・ 排斥，排擠，抵制
使い込む	使い込む[つかいこむ]  他動1 ④ ・ 挪用（公款）；超支；用熟
思慮	思慮[しりょ]  他動3・名 ① ・ 考慮，思慮
事足りる	事足りる[ことたりる]  自動2 ⓪④,②+⓪ ・ 夠用，足夠
庭先	庭先[にわさき]  名 ⓪ ・ 庭前
謝礼	謝礼[しゃれい]  名・自動3 ⓪ ・ 感謝，致謝，謝禮，禮物
押収	押収[おうしゅう]  名・他動3 ⓪ ・ 沒收，查抄，扣押
車窓	車窓[しゃそう]  名 ⓪ ・ 車窗
厳選	厳選[げんせん]  名・他動3 ⓪ ・ 嚴選，嚴格挑選，精選
技法	技法[ぎほう]  名 ⓪ ・ 技術，技巧
キャンバス	キャンバス  名 ① ・ 帆布；油畫畫布
混入	混入[こんにゅう]  名・自他動3 ⓪ ・ 混入，摻進
すごすご	すごすご  副 ① ・ 沮喪地，垂頭喪氣地，無精打采地
蛾[が]	蛾[が][が]  名 ⓪ ・ 蛾
食いしん坊	食いしん坊[くいしんぼう]  ナ形・名 ③ ・ 嘴饞（的人），貪吃（的人）
大自然	大自然[だいしぜん]  名 ③ ・ 大自然
行程	行程[こうてい]  名 ⓪ ・ 路程；旅程；行程
要注意	要注意[ようちゅうい]  名 ③,①+① ・ 需要注意，要小心
投手	投手[とうしゅ]  名 ① ・ （棒球）投手
敗退	敗退[はいたい]  名・自動3 ⓪ ・ 敗退，（被）淘汰
探求	探求[たんきゅう]  他動3・名 ⓪ ・ 探求，尋求
ミニ	ミニ  名 ① ・ 小型，微型，迷你型
並々ならぬ	並々ならぬ[なみなみならぬ]  連体 ・ 非比尋常
風雨	風雨[ふうう]  名 ① ・ 風雨，暴風雨
自給自足	自給自足[じきゅうじそく]  他動3・名 ⓪+⓪ ・ 自給自足
欲張る	欲張る[よくばる]  自動1 ③ ・ 貪婪，貪得無厭
飢餓	飢餓[きが]  名・自動3 ① ・ 飢餓
下り坂	下り坂[くだりざか]  名 ⓪ ・ 下坡；衰退，下降；（天氣）轉壞
転機	転機[てんき]  名 ① ・ 轉機，轉捩點
定例	定例[ていれい]  名 ⓪ ・ 常規，慣例；定例
乗り心地	乗り心地[のりごこち]  名 ⓪ ・ 坐（交通工具等）的感覺
駐在	駐在[ちゅうざい]  名・自動3 ⓪ ・ 駐在，駐；（「駐在所」の略）派出所
資本主義	資本主義[しほんしゅぎ]  名 ④ ・ 資本主義
自然現象	自然現象[しぜんげんしょう]  名 ④ ・ 自然現象
ヘッドライト	ヘッドライト  名 ④ ・ 車頭燈，前燈
故意	故意[こい]  名 ① ・ 故意；（法律）蓄意
生誕	生誕[せいたん]  名・自動3 ⓪ ・ 誕生
インスタント	インスタント  ナ形・名 ①④ ・ 即席，速成
原稿用紙	原稿用紙[げんこうようし]  名 ⑤ ・ 稿紙
辞任	辞任[じにん]  他動3・名 ⓪ ・ 辭職，辭任
標高	標高[ひょうこう]  名 ⓪ ・ 標高，海拔
低学年	低学年[ていがくねん]  名 ③④ ・ （國小）一、二年級（的學生）
山小屋	山小屋[やまごや]  名 ⓪ ・ （為登山者設置的）山中小屋，山中休息處
極意	極意[ごくい]  名 ① ・ （武道、藝術等）奧義，秘法
推理小説	推理小説[すいりしょうせつ]  名 ④ ・ 偵探小說，推理小說
エキスパート	エキスパート  名 ④ ・ 專家，內行，行家
浸水	浸水[しんすい]  名・自動3 ⓪ ・ 浸水
均一	均一[きんいつ]  ナ形・名 ⓪ ・ 全部一樣，均等，相等
根絶	根絶[こんぜつ]  他動3・名 ⓪ ・ 根絕，消滅
高騰	高騰[こうとう]  名・自動3 ⓪ ・ （物價）暴漲，高漲
転向	転向[てんこう]  名・自動3 ⓪ ・ 轉變方向，轉變；背叛
人件費	人件費[じんけんひ]  名 ③ ・ 人事費，勞務費，人員費用
明るみ	明るみ[あかるみ]  名 ⓪ ・ 光亮的地方；公開的地方，大庭廣眾之下
立ち会い	立ち会い[たちあい]  名 ⓪ ・ 會同，在場
スペア	スペア  名 ② ・ 備件，備用品；（保齡球）頭兩個球把十個柱全打倒
ちなむ	ちなむ  自動1 ② ・ （同……）有因緣，有關聯，由來於，來自
直観	直観[ちょっかん]  他動3・名 ⓪ ・ 憑直覺進行觀察，直觀
これ見よがし	これ見よがし[これみよがし]  ナ形・名 ⓪④ ・ 得意洋洋地炫耀的樣子
救命	救命[きゅうめい]  名 ⓪ ・ 救命，救生
防水	防水[ぼうすい]  他動3・名 ⓪ ・ 防水
共生	共生[きょうせい]  名・自動3 ⓪ ・ 共生，共棲
一読	一読[いちどく]  他動3・名 ⓪ ・ 讀一次，念一遍
ピッチ	ピッチ  名 ① ・ 一定時間內重複進行的動作次數；螺距；音調；（棒球）投球；足球場
無色	無色[むしょく]  名 ① ・ 無色；中正
ほったらかす	ほったらかす  他動1 ⑤ ・ 棄置不顧，丟下不管
三脚	三脚[さんきゃく]  名 ⓪ ・ 三腳架；三腳椅子
哺乳類	哺乳類[ほにゅうるい]  名 ② ・ 哺乳類
ひよこ	ひよこ  名 ⓪ ・ 幼鳥，雞雛，小雞；小毛孩，毛孩子
魚類	魚類[ぎょるい]  名 ① ・ 魚類
株主	株主[かぶぬし]  名 ⓪② ・ 股東
落選	落選[らくせん]  名・自動3 ⓪ ・ 落選；沒有（挑）選上
角	角[つの]  名 ② ・ 角，犄角；觸角
座禅	座禅[ざぜん]  名 ⓪② ・ 坐禪，打坐，打禪
滑走	滑走[かっそう]  名・自動3 ⓪ ・ 滑行
名曲	名曲[めいきょく]  名 ⓪ ・ 名曲
設問	設問[せつもん]  名・自動3 ⓪ ・ 出題，提問；提出的題目
差し替える	差し替える[さしかえる]  他動2 ⓪③④ ・ 更換，替換
ちんぷんかんぷん	ちんぷんかんぷん  ナ形・名 ⑤ ・ 糊裡糊塗，莫名其妙，無法理解
染色	染色[せんしょく]  名・自他動3 ⓪ ・ 染的色，上的色；染色，上色
分化	分化[ぶんか]  名・自動3 ⓪① ・ 分化
産卵	産卵[さんらん]  名・自他動3 ⓪ ・ 產卵
固形	固形[こけい]  名 ⓪ ・ 固形，固體
古都	古都[こと]  名 ① ・ 故都，古都
字幕	字幕[じまく]  名 ⓪ ・ 字幕
寄席	寄席[よせ]  名 ⓪ ・ 曲藝場，說書場，雜技場
過不足	過不足[かふそく]  名 ②③ ・ 過與不足，多或少
書体	書体[しょたい]  名 ⓪ ・ 字體；書寫風格
はつらつ	はつらつ  形動トタル ⓪ ・ 活潑，朝氣蓬勃
死語	死語[しご]  名 ① ・ 已不使用的語言，已過時的詞彙
組み入れる	組み入れる[くみいれる]  他動2 ④ ・ 列入，編入，納入
作詞	作詞[さくし]  名・自他動3 ⓪ ・ 作詞，作歌詞
軟体動物	軟体動物[なんたいどうぶつ]  名 ⑤ ・ 軟體動物
夏季	夏季[かき]  名 ① ・ 夏季
骨折り	骨折り[ほねおり]  名 ③④ ・ 努力，辛苦，盡力
一端	一端[いったん]  名 ⓪③ ・ 一端，一頭；一部分，一端
飼料	飼料[しりょう]  名 ① ・ 飼料
合理化	合理化[ごうりか]  他動3・名 ⓪ ・ 合理化
燕[つばめ]	燕[つばめ][つばめ]  名 ⓪ ・ 燕子
屏[びょう]風	屏[びょう]風[びょうぶ]  名 ⓪ ・ 屏風
キャッチフレーズ	キャッチフレーズ  名 ⑤ ・ （廣告等的）吸引人注意的詞句
製紙	製紙[せいし]  名 ⓪ ・ 造紙
山並み	山並み[やまなみ]  名 ⓪ ・ 山脈，連山
サーキット	サーキット  名 ① ・ 電路，迴路；環狀跑道
営利	営利[えいり]  名 ① ・ 營利，謀利
無免許	無免許[むめんきょ]  名 ② ・ 無執照
社会保障	社会保障[しゃかいほしょう]  名 ④ ・ 社會保障
くれぐれも	くれぐれも  副 ③② ・ 再三叮囑，再三勸告
継ぎ	継ぎ[つぎ]  名 ⓪ ・ 縫補，補丁
石器	石器[せっき]  名 ⓪ ・ 石器
地域社会	地域社会[ちいきしゃかい]  名 ④ ・ 地區性社會
外来語	外来語[がいらいご]  名 ⓪ ・ 外來語
集中豪雨	集中豪雨[しゅうちゅうごうう]  名 ⑤ ・ 集中性暴雨
所要	所要[しょよう]  名 ⓪ ・ 所要，所需
上の空	上の空[うわのそら]  ナ形・名 ④ ・ 心不在焉，漫不經心
生鮮	生鮮[せいせん]  ナ形・名 ⓪ ・ 新鮮，生鮮
生物[なまもの]	生物[なまもの][なまもの]  名 ② ・ 生鮮食品
適[かな]える	適[かな]える[かなえる]  他動2 ③ ・ 使……合適
やあ	やあ  感 ① ・ （驚訝時或呼喚時）呀，哎呀；喂，啊
顔面	顔面[がんめん]  名 ⓪③ ・ 臉，面部
絶叫	絶叫[ぜっきょう]  名・自動3 ⓪ ・ 大聲疾呼，拚命喊叫
凝視	凝視[ぎょうし]  他動3・名 ⓪① ・ 凝視，注視
探索	探索[たんさく]  名・他動3 ⓪ ・ 探索，搜尋
誇らしい	誇らしい[ほこらしい]  イ形 ④ ・ 洋洋得意，自豪，驕傲
欲する	欲する[ほっする]  他動3 ⓪③ ・ 希望，想要，想做
言うまでもない	言うまでもない[いうまでもない]  成句 ③+① ・ 不言而喻
賭け	賭け[かけ]  名 ② ・ 賭，賭博；（比喻）孤注一擲
他人事	他人事[ひとごと]  名 ⓪ ・ 別人的事
ストレート	ストレート  ナ形・名 ③ ・ 直，一直；直接
ぴたり	ぴたり  副 ② ・ 突然停止；緊貼；完全吻合，準確無誤
偽り	偽り[いつわり]  名 ⓪③④ ・ 假，虛偽，不真實
あったかい	あったかい  イ形 ④ ・ 暖和的；溫暖的
侮る	侮る[あなどる]  他動1 ③ ・ 輕視，小看
やり過ごす	やり過ごす[やりすごす]  他動1 ④ ・ 讓後來的人先走；做得過頭
ヒロイン	ヒロイン  名 ② ・ 女主人公
ひるむ	ひるむ  自動1 ② ・ 畏怯，畏縮，畏懼，害怕
足止め	足止め[あしどめ]  他動3・名 ⓪④ ・ 禁止外出，禁閉
戦慄	戦慄[せんりつ]  名・自動3 ⓪ ・ 戰慄，顫抖
携える	携える[たずさえる]  他動2 ③④ ・ 攜，攜帶；偕同；攜手
足手まとい	足手まとい[あしでまとい]  ナ形・名 ④ ・ 累贅，包袱，礙手礙腳
亀	亀[かめ]  名 ① ・ 龜，烏龜，海龜
世間話	世間話[せけんばなし]  名 ④ ・ 閒聊，閒談
村長	村長[そんちょう]  名 ① ・ 村長
躍る	躍る[おどる]  自動1 ⓪ ・ 跳躍；心跳加速
赤面	赤面[せきめん]  名・自動3 ⓪ ・ 臉紅，慚愧，害羞
分身	分身[ぶんしん]  名 ⓪ ・ 分身
さいなむ	さいなむ  他動1 ③ ・ 虐待，折磨，使苦惱
胸中	胸中[きょうちゅう]  名 ⓪① ・ 胸中，內心
士気	士気[しき]  名 ①② ・ 士氣；熱情，幹勁
散乱	散乱[さんらん]  名・自動3 ⓪ ・ 散亂，零亂；散射
あどけない	あどけない  イ形 ④ ・ 天真，天真無邪，天真爛漫，孩子氣
アスファルト	アスファルト  名 ③ ・ 瀝青，柏油
ブラック	ブラック  名 ② ・ 黑，黑色；黑咖啡；（構成複合詞）黑暗的，非法的
見いだす	見いだす[みいだす]  他動1 ⓪③ ・ 找出，看出，發掘
お互い様	お互い様[おたがいさま]  ナ形 ⓪⑥ ・ 彼此彼此，彼此一樣
いち早く	いち早く[いちはやく]  副 ③ ・ 很快地，迅速地，飛快地，馬上
力尽きる	力尽きる[ちからつきる]  自動2 ⑤ ・ 力竭
寛大	寛大[かんだい]  ナ形・名 ⓪ ・ 寬大，寬容
気迫	気迫[きはく]  名 ⓪ ・ 氣魄，氣概，氣勢
一片	一片[いっぺん]  名 ⓪③ ・ 一片，一張；一點
謳[うた]う	謳[うた]う[うたう]  他動1 ⓪ ・ 讚美，歌頌；主張，強調
切羽詰まる	切羽詰まる[せっぱつまる]  自動1 ①+② ・ 緊迫，緊急
さばく	さばく  他動1 ② ・ 銷售，推銷；理整齊，弄好；妥善料理，出色地處理，操縱
報い	報い[むくい]  名 ⓪② ・ 報應；報酬，酬勞
名案	名案[めいあん]  名 ⓪ ・ 好主意，好設想
確固	確固[かっこ]  形動トタル ① ・ 堅定，堅決，斷然
芸当	芸当[げいとう]  名 ⓪① ・ （雜技等）技藝；（一般人做不到的）絕技
生まれながら	生まれながら[うまれながら]  副 ⓪④ ・ 天生，生來
敬愛	敬愛[けいあい]  他動3・名 ⓪ ・ 敬愛
愛想笑い	愛想笑い[あいそわらい]  名 ④ ・ 陪笑臉，諂笑
ひっきりなし	ひっきりなし  ナ形 ④⑤ ・ 接連不斷地
劣化	劣化[れっか]  名・自動3 ⓪ ・ 劣化，退化，變壞
ドクター	ドクター  名 ① ・ 醫生；博士
誤算	誤算[ごさん]  名・他動3 ⓪ ・ 算錯；估計錯誤
フレーム	フレーム  名 ⓪② ・ 框，架
見くびる	見くびる[みくびる]  他動1 ⓪③ ・ 輕視，小看，看不起
収拾	収拾[しゅうしゅう]  他動3・名 ⓪ ・ 收拾，整頓
レーダー	レーダー  名 ① ・ 雷達
入り組む	入り組む[いりくむ]  自動1 ③ ・ 錯綜複雜，互相糾纏，頭緒紛繁
負けず嫌い	負けず嫌い[まけずぎらい]  ナ形・名 ④ ・ 好強，不認輸
住処	住処[すみか]  名 ① ・ 住處，家；巢穴，壞人聚集的地方
一軒家	一軒家[いっけんや]  名 ③ ・ 孤立的房屋；獨棟房屋，一戶建
うねり	うねり  名 ③ ・ 蜿蜒，起伏；洶湧的浪濤
先んじる	先んじる[さきんじる]  自動2 ⓪④ ・ 搶先
江戸時代	江戸時代[えどじだい]  名 ③ ・ （1603年～1867年）江戶時代
表立つ	表立つ[おもてだつ]  自動1 ④ ・ 公開出來，暴露出來
筋書き	筋書き[すじがき]  名 ⓪ ・ 梗概，情節，概要；計劃，預想
いじける	いじける  自動2 ⓪③ ・ 畏縮，無精打采；乖僻，消極
圏内	圏内[けんない]  名 ① ・ 範圍以內，圈子裡
最高潮	最高潮[さいこうちょう]  名 ③ ・ 最高潮，最高峰
キャップ	キャップ  名 ⓪① ・ 無邊帽；筆蓋；瓶蓋
繭	繭[まゆ]  名 ① ・ 繭；蠶繭
力仕事	力仕事[ちからしごと]  名 ④ ・ 體力勞動，力氣活
一騎打ち	一騎打ち[いっきうち]  名 ③ ・ 一對一的競爭，單挑
咲き誇る	咲き誇る[さきほこる]  自動1 ④ ・ （花）盛開，燦爛地開
一存	一存[いちぞん]  名 ⓪ ・ 自己個人的意見
寂れる	寂れる[さびれる]  自動2 ⓪③ ・ 蕭條，冷落，凋零，衰敗
追従	追従[ついじゅう]  名・自動3 ⓪ ・ 追隨，迎合
齢[よわい]	齢[よわい][よわい]  名 ⓪② ・ 年齡，年紀
子細	子細[しさい]  ナ形・名 ⓪① ・ 仔細，詳細；詳情，緣由；障礙，妨礙
受け売り	受け売り[うけうり]  他動3・名 ⓪ ・ 承銷，轉賣，零售；現學現賣，聽話學話
有り余る	有り余る[ありあまる]  自動1 ⓪④ ・ 過多，富餘
嚙[か]み付く	嚙[か]み付く[かみつく]  自動1 ⓪③ ・ 咬住；猛烈地反駁
秘 訣[けつ]	秘 訣[けつ]  名 ⓪ ・ 秘訣，竅門
心もとない	心もとない[こころもとない]  イ形 ⑥ ・ 不可靠，不放心
最下位	最下位[さいかい]  名 ③ ・ 最低的位次，末尾
派生	派生[はせい]  名・自他動3 ⓪ ・ 派生，衍生
流れ星	流れ星[ながれぼし]  名 ③ ・ 流星
虚構	虚構[きょこう]  他動3・名 ⓪ ・ 虛構，假設；虛假
苦境	苦境[くきょう]  名 ⓪ ・ 艱苦的境遇，困境
船乗り	船乗り[ふなのり]  名 ② ・ 船員，海員，水手
お好み焼き	お好み焼き[おこのみやき]  名 ⓪ ・ 大阪燒，御好燒
めぼしい	めぼしい  イ形 ③ ・ 顯著，出色，較好，像樣
長話	長話[ながばなし]  名・自動3 ③ ・ 長談，久談
付随	付随[ふずい]  名・自動3 ⓪ ・ 附隨，隨帶
挿絵	挿絵[さしえ]  名 ⓪② ・ （報紙、雜誌、書籍等的）插圖
ハウス	ハウス  名 ① ・ （構成複合詞）房屋，住宅；（「ビニールハウス」の略）溫室
陰影	陰影[いんえい]  名 ⓪ ・ 影子，陰影；含蓄，耐人尋味
長靴	長靴[ながぐつ]  名 ⓪ ・ 靴子，長筒靴
犬歯	犬歯[けんし]  名 ① ・ 犬齒，犬牙
潤沢	潤沢[じゅんたく]  ナ形・名 ⓪ ・ 豐富，充裕；潤澤
圧巻	圧巻[あっかん]  名 ⓪ ・ 精華部分，壓卷，最精彩的部分
手痛い	手痛い[ていたい]  イ形 ③ ・ 重大，嚴重，沉重
不登校	不登校[ふとうこう]  名 ② ・ （學生因心理原因等）不上學
軒下	軒下[のきした]  名 ⓪ ・ 屋簷下
包容力	包容力[ほうようりょく]  名 ③ ・ 度量，肚量
擦り寄る	擦り寄る[すりよる]  自動1 ⓪③ ・ 貼近，靠近
差し出がましい	差し出がましい[さしでがましい]  イ形 ⑥ ・ 多事，多管閒事，越俎代庖
せんべい	せんべい  名 ① ・ 烤米餅，仙貝
珊瑚[さんご]	珊瑚[さんご][さんご]  名 ① ・ 珊瑚
出来栄え	出来栄え[できばえ]  名 ⓪③ ・ 做出的結果
悪戦苦闘	悪戦苦闘[あくせんくとう]  名・自動3 ⓪+⓪ ・ 苦戰惡鬥
いそしむ	いそしむ  自動1 ③ ・ 勤奮，勤勉，努力
腐食	腐食[ふしょく]  自他動3・名 ⓪ ・ 腐蝕，侵蝕
不出来	不出来[ふでき]  ナ形・名 ① ・ 做得不好；收成不好
半生	半生[はんせい]  名 ① ・ 半生，半輩子
喜怒哀楽	喜怒哀楽[きどあいらく]  名 ①+⓪ ・ 喜怒哀樂
絹糸	絹糸[きぬいと]  名 ⓪ ・ 絲線
うろちょろ	うろちょろ  副 ① ・ 轉來轉去
及び腰	及び腰[およびごし]  名 ⓪ ・ 彎（下）腰；姿態不穩，態度曖昧
上辺	上辺[うわべ]  名 ⓪ ・ 表面，外表，外觀
のこぎり	のこぎり  名 ③④ ・ 鋸
暫定	暫定[ざんてい]  名 ⓪ ・ 暫定，臨時規定
手荷物	手荷物[てにもつ]  名 ② ・ 隨身攜帶的東西，隨身行李
わしづかみ	わしづかみ  名 ⓪③ ・ 猛抓，大把抓
疑[うたぐ]り深い	疑[うたぐ]り深い[うたぐりぶかい]  イ形 ⑥ ・ 多疑
堰[せき]	堰[せき][せき]  名 ① ・ 攔河壩，堰堤
苦言	苦言[くげん]  名 ⓪ ・ 忠言，忠告，勸告
長持ち	長持ち[ながもち]  名・自動3 ⓪③④ ・ 耐用，持久；帶蓋的長方形衣箱
自画自賛	自画自賛[じがじさん]  他動3・名 ①+⓪ ・ 自賣自誇
入学試験	入学試験[にゅうがくしけん]  名 ⑤⑥ ・ 入學考試
滋養	滋養[じよう]  名 ⓪ ・ 滋養，營養，養分
一新	一新[いっしん]  名 ⓪ ・ 一新，刷新，革新
博する	博する[はくする]  他動3 ③ ・ 博得，獲得，贏得
一次	一次[いちじ]  名 ② ・ 初次，第一次；一次，線性
銀杏[いちょう]	銀杏[いちょう][いちょう]  名 ⓪ ・ 銀杏
古書	古書[こしょ]  名 ① ・ 古書；舊書
鶯[うぐいす]	鶯[うぐいす][うぐいす]  名 ② ・ 鶯；歌喉好的人
底力	底力[そこぢから]  名 ⓪③ ・ 潛力，底力，深厚的力量
手なずける	手なずける[てなずける]  他動2 ④ ・ 馴服；使歸服，使順從，使就範
雁[がん]	雁[がん][がん]  名 ① ・ 雁，大雁
焦げ臭い	焦げ臭い[こげくさい]  イ形 ④ ・ 煳味
ひねり出す	ひねり出す[ひねりだす]  他動1 ④ ・ （絞盡腦汁）想出；（千方百計地）籌措
後手	後手[ごて]  名 ⓪① ・ 被動，落後
覆い	覆い[おおい]  名 ⓪③ ・ 覆蓋（物），罩（子），套（子）
取捨選択	取捨選択[しゅしゃせんたく]  名・他動3 ①+⓪ ・ 取捨選擇
厳正	厳正[げんせい]  名・ナ形 ⓪ ・ 嚴正，嚴格
血気	血気[けっき]  名 ⓪① ・ 血氣，意氣，熱情
躍進	躍進[やくしん]  名・自動3 ⓪ ・ 躍進，飛躍的進展
啓 蒙[もう]	啓 蒙[もう]  他動3・名 ⓪ ・ 啟蒙，啟發
風当たり	風当たり[かぜあたり]  名 ⓪③ ・ 風勢，風力（強）；招風，受非難，受責難
イントネーション	イントネーション  名 ④ ・ 聲調，語調，抑揚
雪景色	雪景色[ゆきげしき]  名 ③ ・ 雪景
即断	即断[そくだん]  他動3・名 ⓪ ・ 立斷，立即決定
山場	山場[やまば]  名 ⓪③ ・ 高潮，頂點，最高峰
聞き分け	聞き分け[ききわけ]  名 ⓪ ・ 聽懂，聽話
コアラ	コアラ  名 ① ・ 無尾熊
親元	親元[おやもと]  名 ⓪④ ・ 父母的家，父母住的地方
土着	土着[どちゃく]  名・自動3 ⓪ ・ 定居
予断	予断[よだん]  他動3・名 ⓪ ・ 預先判斷
反問	反問[はんもん]  名・自他動3 ⓪ ・ 反問
幕 間[あい]	幕 間[あい]  名 ⓪③ ・ （戲劇的）幕間（休息）
世界遺産	世界遺産[せかいいさん]  名 ④ ・ 世界遺產
はけ口	はけ口[はけぐち]  名 ② ・ 排水口；銷路；發洩
計上	計上[けいじょう]  名・他動3 ⓪ ・ 計入，列入
骨折る	骨折る[ほねおる]  自動1 ③ ・ 費心，費勁；盡力，出力
ぬか喜び	ぬか喜び[ぬかよろこび]  名・自動3 ③ ・ 空歡喜，希望落空
乱用	乱用[らんよう]  他動3・名 ⓪ ・ 濫用，挪用
放任	放任[ほうにん]  他動3・名 ⓪ ・ 放任（自流）
湿地	湿地[しっち]  名 ⓪ ・ 濕地
原画	原画[げんが]  名 ⓪ ・ 原畫
甲虫	甲虫[こうちゅう]  名 ⓪ ・ 甲蟲
修養	修養[しゅうよう]  自動3・名 ⓪ ・ 修養
傾聴	傾聴[けいちょう]  他動3・名 ⓪ ・ 傾聽，謹聽，洗耳恭聽
回顧	回顧[かいこ]  名・他動3 ① ・ 回顧，回憶，回想
蒸気機関車	蒸気機関車[じょうききかんしゃ]  名 ⑤ ・ 蒸汽火車
数え上げる	数え上げる[かぞえあげる]  他動2 ⓪⑤ ・ （一一）數出來，列舉，枚舉
滑り出し	滑り出し[すべりだし]  名 ⓪ ・ 滑起；開始
消費税	消費税[しょうひぜい]  名 ③ ・ 消費稅
かす	かす  名 ① ・ 沉澱，渣滓；無用的東西，人渣
取り交わす	取り交わす[とりかわす]  他動1 ⓪④ ・ 交換，互換
大脳	大脳[だいのう]  名 ⓪① ・ 大腦
知ったかぶり	知ったかぶり[しったかぶり]  名 ⓪ ・ 不懂裝懂，冒充內行（的人）
通説	通説[つうせつ]  名 ⓪ ・ 一般的說法，共同的論調
文才	文才[ぶんさい]  名 ⓪ ・ 文才，文學上的才能
換言	換言[かんげん]  名・自他動3 ⓪ ・ 換句話說
既定	既定[きてい]  名 ⓪ ・ 既定
老木	老木[ろうぼく]  名 ⓪ ・ 老樹，古樹
気運	気運[きうん]  名 ⓪① ・ 趨勢，形勢，局勢
原生林	原生林[げんせいりん]  名 ③ ・ 原始林；原生林
博学	博学[はくがく]  ナ形・名 ⓪ ・ 博學
種まき	種まき[たねまき]  名・自動3 ② ・ 播種，撒播
啓発	啓発[けいはつ]  他動3・名 ⓪ ・ 啟發，啟蒙
ことのほか	ことのほか  副 ⓪③② ・ 意外，沒想到；特別，格外
天の 邪鬼[じゃく]	天の 邪鬼[じゃく]  名 ③ ・ 脾氣彆扭（的人），性情乖僻（的人）
漁場	漁場[ぎょじょう]  名 ⓪ ・ 漁場
濾[こ]す	濾[こ]す[こす]  他動1 ⓪ ・ 濾，過濾
伸べる	伸べる[のべる]  他動2 ② ・ 伸出
憩う	憩う[いこう]  自動1 ② ・ 休息，消遣
のけ者	のけ者[のけもの]  名 ⓪ ・ 被排擠（出去）的人，外人，異己分子
氷山の一角	氷山の一角[ひょうざんのいっかく]  成句 ・ 冰山一角；整個事物中顯露出來的一小部分
現住所	現住所[げんじゅうしょ]  名 ③ ・ 現住址
こりごり	こりごり  副 ③ ・ （因為吃過苦頭）再也不敢/不想……
冬枯れ	冬枯れ[ふゆがれ]  名 ⓪ ・ 冬季草木枯萎的淒涼景象；冬天的淡季
暗礁	暗礁[あんしょう]  名 ⓪ ・ 暗礁；意外的障礙
自任	自任[じにん]  他動3・名 ⓪ ・ 以……自居
助成	助成[じょせい]  名・他動3 ⓪ ・ 助成，扶助，促進，推動
外来種	外来種[がいらいしゅ]  名 ③ ・ 外來物種
水墨画	水墨画[すいぼくが]  名 ⓪ ・ 水墨畫
もっともらしい	もっともらしい  イ形 ⑥ ・ 好像很有道理，好像很正經，煞有介事
一本調子	一本調子[いっぽんぢょうし]  ナ形・名 ⑤ ・ 單調
文筆	文筆[ぶんぴつ]  名 ⓪ ・ 文筆
力点	力点[りきてん]  名 ⓪③ ・ 力點；重點，著重點
屈従	屈従[くつじゅう]  名・自動3 ⓪ ・ 屈服，屈從，服從
筋立て	筋立て[すじだて]  名 ⓪ ・ 梗概
功罪	功罪[こうざい]  名 ⓪ ・ 功罪
デモクラシー	デモクラシー  名 ③②④ ・ 民主，民主主義
成育	成育[せいいく]  名・自動3 ⓪ ・ 成長，發育，生長
新説	新説[しんせつ]  名 ⓪ ・ 新學說
孵[かえ]す	孵[かえ]す[かえす]  他動1 ① ・ 孵，孵化
知名	知名[ちめい]  名・ナ形 ⓪ ・ 有名，出名
ソフトウエア	ソフトウエア  名 ⑤ ・ 軟體
筆遣い	筆遣い[ふでづかい]  名 ③ ・ 運筆；筆法，寫法
国立公園	国立公園[こくりつこうえん]  名 ⑤ ・ 國家公園
修飾語	修飾語[しゅうしょくご]  名 ⓪ ・ 修飾語
草分け	草分け[くさわけ]  名 ⓪ ・ 開墾荒地（的人）；開拓（者），先驅（者）
黄葉	黄葉[こうよう]  名・自動3 ⓪ ・ 黃樹葉
里山	里山[さとやま]  名 ⓪ ・ 靠近村莊的山，後山
名勝	名勝[めいしょう]  名 ⓪ ・ 名勝
メタンガス	メタンガス  名 ④ ・ 沼氣，甲烷
利器	利器[りき]  名 ① ・ 銳利的武器；利器，便利的工具
タンザニア	タンザニア  名 ⓪ ・ 坦尚尼亞
姉妹都市	姉妹都市[しまいとし]  名 ④ ・ 姊妹城市
色刷り	色刷り[いろずり]  名 ⓪④ ・ 彩色印刷
ロープウエー	ロープウエー  名 ⑤ ・ （空中）索道
口やかましい	口やかましい[くちやかましい]  イ形 ⑥ ・ （對小事）喋喋不休
敬老の日	敬老の日[けいろうのひ]  名 ⑥ ・ 敬老節
繰り越す	繰り越す[くりこす]  他動1 ⓪③ ・ 轉入，撥歸，結轉
緑陰	緑陰[りょくいん]  名 ⓪ ・ 綠陰
学齢	学齢[がくれい]  名 ⓪ ・ （六到十五歲）義務教育的年齡；（應該進入國小的）學齡
罰	罰[ばち]  名 ② ・ 報應
真摯	真摯[しんし]  名・ナ形 ① ・ 真摯，認真，一絲不苟
対価	対価[たいか]  名 ① ・ 代價，等價報酬，補償，對價
補完	補完[ほかん]  他動3・名 ⓪ ・ （將不足的部分）補充（完整）
史料	史料[しりょう]  名 ① ・ 史料，歷史材料；資料
捨象	捨象[しゃしょう]  名・他動3 ⓪ ・ （抽象時）捨棄，捨去表面現象，抽象
表象	表象[ひょうしょう]  名・他動3 ⓪ ・ 表象；象徵
初頭	初頭[しょとう]  名 ⓪ ・ 初，初期
偏狭	偏狭[へんきょう]  名・ナ形 ⓪ ・ 狹小，狹窄；（心胸）狹窄，氣量小
弊店	弊店[へいてん]  名 ① ・ 敝店
過当	過当[かとう]  名・ナ形 ⓪ ・ 過當，過分
大過	大過[たいか]  名 ① ・ 大過錯，嚴重錯誤
叢[そう]生	叢[そう]生[そうせい]  名・自動3 ⓪ ・ 簇生，叢生
分明	分明[ぶんめい]  ナ形・名 ⓪ ・ 清楚，分明
可視	可視[かし]  名 ① ・ 可見
浮遊	浮遊[ふゆう]  名・自動3 ⓪ ・ 浮游，漂浮
至高	至高[しこう]  名・ナ形 ⓪ ・ 至高，最高
手跡	手跡[しゅせき]  名 ⓪ ・ 筆跡
原初	原初[げんしょ]  名 ① ・ 最初，開始，原本
県外	県外[けんがい]  名 ① ・ 縣外
考究	考究[こうきゅう]  名・他動3 ⓪ ・ 研究，鑽研
恒常	恒常[こうじょう]  名・ナ形 ⓪ ・ 恆常
強迫	強迫[きょうはく]  他動3・名 ⓪ ・ 強迫，逼迫，強逼
饗[きょう]宴	饗[きょう]宴[きょうえん]  名 ⓪ ・ 饗宴，盛宴
政争	政争[せいそう]  名 ⓪ ・ 政治鬥爭，爭奪政權
常勝	常勝[じょうしょう]  名・自動3 ⓪ ・ 常勝
生起	生起[せいき]  名・自動3 ① ・ 發生，產生
不適	不適[ふてき]  ナ形・名 ⓪ ・ 不適當，不合適
最速	最速[さいそく]  名 ⓪ ・ 最快
生成	生成[せいせい]  名・自他動3 ⓪ ・ 生成，產生，形成
厭[えん]世	厭[えん]世[えんせい]  名 ⓪ ・ 厭世，悲觀
自戒	自戒[じかい]  名・自動3 ⓪ ・ 自戒，自我警惕
前面	前面[ぜんめん]  名 ⓪③ ・ 前面，前頭
変調	変調[へんちょう]  名・自他動3 ⓪ ・ 情況異常，不正常，故障
理容	理容[りよう]  名 ⓪ ・ 理髮和美容
発症	発症[はっしょう]  名・自他動3 ⓪ ・ 發病
試算	試算[しさん]  名・他動3 ⓪ ・ 估算，概算；檢算，驗算
光 芒[ぼう]	光 芒[ぼう]  名 ⓪ ・ 光芒
閉校	閉校[へいこう]  名・自他動3 ⓪ ・ （學校）停課；（學校）停辦
警鐘	警鐘[けいしょう]  名 ⓪ ・ 警鐘
充てる	充てる[あてる]  他動2 ⓪ ・ 把……充當，作為……用
植生	植生[しょくせい]  名 ⓪ ・ 植被
内的	内的[ないてき]  ナ形 ⓪ ・ 內在的；內心的
速読	速読[そくどく]  名・他動3 ⓪ ・ 速讀
税率	税率[ぜいりつ]  名 ⓪ ・ 稅率
誘発	誘発[ゆうはつ]  名・他動3 ⓪ ・ 引起，誘發
素読	素読[そどく]  名・他動3 ⓪ ・ （不去理解意思只照字面）朗讀
前頭葉	前頭葉[ぜんとうよう]  名 ③ ・ 前額葉
出自	出自[しゅつじ]  名 ②⓪ ・ 出身
株価	株価[かぶか]  名 ②⓪ ・ 股價
雑食	雑食[ざっしょく]  名・自他動3 ⓪ ・ 吃多種食物，雜食
補塡	補塡[ほてん]  他動3・名 ⓪ ・ 填補，補貼，補償
ムンバイ	ムンバイ  名 ① ・ （印度城市）孟買
習い事	習い事[ならいごと]  名 ⓪⑤ ・ 技藝，技術，學東西
デフォルト	デフォルト  名 ⓪② ・ 默認，預設；基本狀態
ネガティブ	ネガティブ  ナ形 ① ・ 否定的；消極的
出展	出展[しゅってん]  他動3・名 ⓪ ・ 展出
配信	配信[はいしん]  名・他動3 ⓪ ・ 發稿，發新聞；（透過網路）傳送，播放
直送	直送[ちょくそう]  他動3・名 ⓪ ・ 直接輸送
休会	休会[きゅうかい]  名・自他動3 ⓪ ・ 休會
品数	品数[しなかず]  名 ⓪③ ・ 物品的數量；物品的種類
完売	完売[かんばい]  他動3・名 ⓪ ・ 賣光，售完
外装	外装[がいそう]  名 ⓪ ・ 外包裝；外部裝修
芸能人	芸能人[げいのうじん]  名 ③ ・ 藝人
駆け出し	駆け出し[かけだし]  名 ⓪ ・ 新手，初出茅廬
ときめき	ときめき  名 ⓪④ ・ 心跳
形質	形質[けいしつ]  名 ⓪ ・ 形態和實質；性狀，特性
論敵	論敵[ろんてき]  名 ⓪ ・ 論敵
血肉	血肉[けつにく]  名 ⓪ ・ 血和肉；至親骨肉，父母兄弟
内在	内在[ないざい]  名・自動3 ⓪ ・ 內在，固有
野放図	野放図[のほうず]  ナ形・名 ②⓪ ・ 散漫放縱，肆無忌憚；漫無邊際
一役	一役[ひとやく]  名 ② ・ 一項任務，一份工作
資本金	資本金[しほんきん]  名 ⓪ ・ 資本金，本錢
乗り上げる	乗り上げる[のりあげる]  自動2 ④ ・ 觸礁，擱淺
生存権	生存権[せいぞんけん]  名 ③ ・ 生存權，生存的權利
原生	原生[げんせい]  名 ⓪ ・ 原生，原始
ゆりかご	ゆりかご  名 ⓪② ・ 搖籃
マルチタスク	マルチタスク  名 ④ ・ 同時進行多項作業；（電腦）多工處理
コンセンサス	コンセンサス  名 ③ ・ 意見一致，共識
性善説	性善説[せいぜんせつ]  名 ③ ・ （孟子提出的）性善說
堅 牢[ろう]	堅 牢[ろう]  ナ形・名 ⓪ ・ 堅牢，堅固，牢固
原資	原資[げんし]  名 ① ・ 資金，資本金；財政投資、融資的資金來源
暗然	暗然[あんぜん]  形動トタル ⓪ ・ 黯然
情報公開	情報公開[じょうほうこうかい]  名 ⑤ ・ 公開性，資訊公開
独り歩き	独り歩き[ひとりあるき]  名・自動3 ④ ・ 一個人走路；自立，獨立；（事態不隨當事人意願）自動發展
農林	農林[のうりん]  名 ⓪ ・ 農林，農業和林業
飯炊き	飯炊き[めしたき]  名 ⓪④③ ・ 做飯；做飯的人，大師傅，炊事員
調練	調練[ちょうれん]  名・他動3 ① ・ 訓練，操練，練兵
しらじら	しらじら  副 ③ ・ （東方）發白；（看起來）白白的
ぺこり	ぺこり  副 ② ・ 點頭行禮
欲求不満	欲求不満[よっきゅうふまん]  名 ⓪+⓪,⑤ ・ 慾望尚未滿足，希望沒有實現
退路	退路[たいろ]  名 ① ・ 退路，後路，逃路
取り結ぶ	取り結ぶ[とりむすぶ]  他動1 ⓪④ ・ 締結，訂立；撮合；討好
拙著	拙著[せっちょ]  名 ① ・ （對自己著作的謙稱）拙著
揺れ動く	揺れ動く[ゆれうごく]  自動1 ④ ・ 搖晃；動搖
部位	部位[ぶい]  名 ① ・ 部分，部位
型どおり	型どおり[かたどおり]  ナ形・名 ③ ・ （平凡、守舊的）照例，老一套
ともすれば	ともすれば  副 ① ・ 往往，每每，動不動（就）
印象づける	印象づける[いんしょうづける]  他動2 ⑥ ・ 留下深刻印象
認証	認証[にんしょう]  名・他動3 ⓪ ・ （由官方）認證；確認，認證
絶え間	絶え間[たえま]  名 ③ ・ 間隙；空隙
底意地	底意地[そこいじ]  名 ⓪ ・ 心眼，心腸
善玉	善玉[ぜんだま]  名 ⓪ ・ 好人，正派角色
悪玉	悪玉[あくだま]  名 ⓪ ・ 壞人，反派角色
種苗	種苗[しゅびょう]  名 ⓪ ・ （植物的）種和苗；魚苗
自己嫌悪	自己嫌悪[じこけんお]  名 ③ ・ 自我厭惡，自我嫌棄
哺乳動物	哺乳動物[ほにゅうどうぶつ]  名 ④ ・ 哺乳動物
ごつん	ごつん  副 ② ・ （堅硬物體強烈撞擊）砰
指標	指標[しひょう]  名 ⓪ ・ 指標，目標，標識
部分的	部分的[ぶぶんてき]  ナ形 ⓪ ・ 部分
規則的	規則的[きそくてき]  ナ形 ⓪ ・ 有規則，規規矩矩
空洞化	空洞化[くうどうか]  名・自動3 ⓪ ・ 空心化，空洞化
伸び伸び	伸び伸び[のびのび]  副 ③ ・ 舒展狀，自由輕鬆狀
反射的	反射的[はんしゃてき]  ナ形 ⓪ ・ 反射性的
必然的	必然的[ひつぜんてき]  ナ形 ⓪ ・ 必然的
道理	道理[どうり]  名 ③ ・ 道理
報う	報う[むくう]  自動1 ② ・ 報償，報答；報復
理性的	理性的[りせいてき]  ナ形 ⓪ ・ 理性的，理智的
積極性	積極性[せっきょくせい]  名 ⓪ ・ 積極性
べったり	べったり  副 ③ ・ 緊緊黏上；過度糾纏或跟隨的樣子；一屁股坐下
身になる	身になる[みになる]  成句 ・ （「…の身になる」の形で）設身處地，為他人著想；有營養
実質的	実質的[じっしつてき]  ナ形 ⓪ ・ 有實質的，有實際內容；實際上，實質上
意欲的	意欲的[いよくてき]  ナ形 ⓪ ・ 熱情高漲地，積極主動地
客観性	客観性[きゃっかんせい]  名 ⓪ ・ 客觀性
〜丼	〜丼[〜どん]  名 ・ （作為菜名的一部分的）丼飯
自主規制	自主規制[じしゅきせい]  名 ③ ・ 為了避免來自他人的批評、攻擊或公權力的干預等，而自行限制活動或表達
自主的	自主的[じしゅてき]  ナ形 ⓪ ・ 自主，主動
先約	先約[せんやく]  名 ⓪ ・ 先前的承諾；事先約定，已有安排
抽象化	抽象化[ちゅうしょうか]  名・他動3 ⓪ ・ 抽象化
洗い物	洗い物[あらいもの]  名 ⓪ ・ 要洗的東西；洗東西
こがね色	こがね色[こがねいろ]  名 ⓪ ・ 金黃色
衝動買い	衝動買い[しょうどうがい]  名・他動3 ⓪ ・ 衝動性消費
買って出る	買って出る[かってでる]  連語 ④ ・ 主動承擔（某事）
ウエイト	ウエイト  名 ⓪ ・ 重量，（特指）體重；重要性，重點
びしばし	びしばし  副 ① ・ 用鞭子抽打；毫不留情，嚴厲
棲[す]み分け	棲[す]み分け[すみわけ]  名 ⓪ ・ 分棲，生境分化；（有競爭關係的事物）各佔一席，錯位發展
熟成	熟成[じゅくせい]  名・自動3 ⓪ ・ 充分成熟；熟成
最たる	最たる[さいたる]  連体 ① ・ 最甚的，最典型的
疑似	疑似[ぎじ]  名 ① ・ （與真品相似到難以區分）疑似，假設，虛擬
寒冷	寒冷[かんれい]  名・ナ形 ⓪ ・ 寒冷
頑迷	頑迷[がんめい]  名・ナ形 ⓪ ・ 冥頑，頑固
誤 謬[びゅう]	誤 謬[びゅう]  名 ⓪ ・ 錯誤，謬誤
律儀	律儀[りちぎ]  名・ナ形 ① ・ 忠實，誠實，正直
すっ飛ばす	すっ飛ばす[すっとばす]  他動1 ④ ・ 飛跑，疾馳；跳過中間部分
ぽんぽん	ぽんぽん  副 ① ・ 砰砰，咚咚；直言不諱
読了	読了[どくりょう]  名・他動3 ⓪ ・ 讀完
ナルシスト	ナルシスト  名 ③ ・ 自戀狂
呆[あき]れ果てる	呆[あき]れ果てる[あきれはてる]  自動2 ⑤ ・ 十分驚訝，驚訝到極點
全き	全き[まったき]  連体・名 ③ ・ 完全，完美
たたえる	たたえる  他動2 ⓪③② ・ 讚揚，稱讚，誇獎，表彰
ほっとく	ほっとく  他動1 ⓪ ・ 置之不理，放下不做，丟開不管
ばっと	ばっと  副 ①⓪ ・ 一口氣灑出，一下子擴散開
すけべ	すけべ  名・ナ形 ② ・ 好色（的人）
上意下達	上意下達[じょういかたつ]  名 ①+⓪ ・ 上情下達
おぼしい	おぼしい  イ形 ③ ・ （「…とおぼしい」 「…とおぼしき」の形で）好像是，總覺得
同義	同義[どうぎ]  名 ⓪ ・ 同義
押し殺す	押し殺す[おしころす]  他動1 ④ ・ 壓死；抑制，憋住
植え替える	植え替える[うえかえる]  他動2 ④③ ・ 移植
粒状	粒状[りゅうじょう]  名 ⓪ ・ 粒狀，顆粒狀
脱却	脱却[だっきゃく]  名・自他動3 ⓪ ・ 擺脫，拋棄（不好的東西）；逃出，脫離（不好的狀態）
まろやか	まろやか  ナ形 ② ・ （形狀）圓，圓潤；（味道）醇和，醇厚
崇高	崇高[すうこう]  ナ形・名 ⓪ ・ 崇高，高尚
見向き	見向き[みむき]  名 ①② ・ 回頭看，理睬
対照的	対照的[たいしょうてき]  ナ形 ⓪ ・ 對比鮮明，正相反
ブログ	ブログ  名 ⓪ ・ 部落格
卓越	卓越[たくえつ]  名・自動3 ⓪ ・ 卓越，超群
前々	前々[まえまえ]  名 ⓪ ・ 早就，（很久）以前
あめんぼ	あめんぼ  名 ⓪ ・ 水黽
いたずら書き	いたずら書き[いたずらがき]  名 ⓪ ・ 亂塗亂畫，塗鴉
イデオロギー	イデオロギー  名 ③④ ・ 意識形態，思想體系
イラストレーター	イラストレーター  名 ⑤ ・ 插畫家
インセンティブ	インセンティブ  名 ③ ・ 激勵；銷售獎金
クオリア	クオリア  名 ② ・ 感質
コメンテーター	コメンテーター  名 ④ ・ （新聞）評論員
コンプライアンス	コンプライアンス  名 ④ ・ 依從；合規，遵從法規
ジェンダー	ジェンダー  名 ① ・ 社會性別
シナジー	シナジー  名 ① ・ 協同作用，協作效應
スーパーコンピューター	スーパーコンピューター  名 ⑦ ・ 超級電腦
ステレオタイプ	ステレオタイプ  名 ⑤ ・ （印刷）鉛板；格式化，千篇一律，墨守成規
ストール	ストール  名 ② ・ （女用）披肩，圍巾
スピーディー	スピーディー  ナ形 ② ・ 迅速，敏捷
とろみ	とろみ  名 ⓪③ ・ （勾芡後的）黏稠狀（湯汁）
ネーミング	ネーミング  名・自動3 ⓪ ・ 命名，起名
ノスタルジー	ノスタルジー  名 ③ ・ 懷舊，鄉愁
ハイエナ	ハイエナ  名 ⓪ ・ 鬣狗；投機者，機會主義者
フリーランス	フリーランス  名 ② ・ 自由工作者
ベンチャー	ベンチャー  名 ① ・ 風險，投機
メソッド	メソッド  名 ① ・ 方法，方式
物言い	物言い[ものいい]  名 ③ ・ 說話方式，措辭；異議；爭吵，爭論
リーグ	リーグ  名 ① ・ 聯盟，聯賽
リピーター	リピーター  名 ⓪② ・ 回頭客
依拠	依拠[いきょ]  名・自動3 ① ・ 依據，根據
移ろい	移ろい[うつろい]  名 ⓪ ・ 變遷，變化
一案	一案[いちあん]  名 ⓪ ・ 一個方案，一個辦法
一丸	一丸[いちがん]  名 ⓪ ・ （「一丸となる」の形で）一團，團結一致
一矢	一矢[いっし]  名 ① ・ 一支箭
溢[あふ]れ返る	溢[あふ]れ返る[あふれかえる]  自動1 ④ ・ 充滿，擠滿
因子	因子[いんし]  名 ① ・ 因素，因子
引きこもり	引きこもり[ひきこもり]  名 ⓪ ・ 閉門不出，宅在家裡的人，蟄居
院長	院長[いんちょう]  名 ① ・ （醫院等「院」的）院長
営為	営為[えいい]  名 ① ・ 營，經營
押印	押印[おういん]  名・自他動3 ⓪ ・ 蓋章
介在	介在[かいざい]  名・自動3 ⓪ ・ 介在，介於……之間
怪訝[けげん]	怪訝[けげん][けげん]  ナ形・名 ⓪ ・ 奇怪，詫異，疑惑
確執	確執[かくしつ]  名・自動3 ⓪ ・ 固執己見；不和，嫌隙，齟齬
学際	学際[がくさい]  名 ⓪ ・ 學際，跨學科
願い事	願い事[ねがいごと]  名 ⓪⑤ ・ （特指向神佛祈願的）願望，心願
嬉々	嬉々[きき]  形動トタル ①② ・ 興致勃勃地，歡快地
忌み嫌う	忌み嫌う[いみきらう]  他動1 ① ・ 厭惡，嫌惡
忌避	忌避[きひ]  名・自他動3 ① ・ 忌避，規避，逃避；（法律）迴避
気負い	気負い[きおい]  名 ⓪② ・ 勇猛，氣勢
仇[あだ]	仇[あだ][あだ]  名 ② ・ 仇人；仇恨；報復；危害
苦役	苦役[くえき]  名 ①⓪ ・ 苦役，艱苦的勞動
空欄	空欄[くうらん]  名 ⓪ ・ 空欄，空白處
屈託	屈託[くったく]  名・自動3 ⓪ ・ 擔心，操心；厭倦，無聊
研 鑽[さん]	研 鑽[さん]  名・他動3 ⓪ ・ 鑽研，研究
見開く	見開く[みひらく]  他動1 ③⓪ ・ 睜大眼睛
厚み	厚み[あつみ]  名 ⓪ ・ 厚度；厚實感，深度
再読	再読[さいどく]  名・他動3 ⓪ ・ 再讀，重讀
再編	再編[さいへん]  名・他動3 ⓪ ・ 重編，重組，再編
裁き	裁き[さばき]  名 ①③ ・ 裁斷，判決，裁定
擦り抜ける	擦り抜ける[すりぬける]  自動1 ④⓪ ・ 穿過，鑽過；躲過，混過
仕事柄	仕事柄[しごとがら]  名 ⓪ ・ 就職業而言，因工作性質
姿形	姿形[すがたかたち]  名 ①+⓪ ・ 容貌，容姿
実相	実相[じっそう]  名 ⓪③ ・ 真實情況，本來面貌
実像	実像[じつぞう]  名 ⓪ ・ 真實面貌；實像
主因	主因[しゅいん]  名 ⓪ ・ 主要原因，主因
主軸	主軸[しゅじく]  名 ⓪ ・ 主軸；中心人物，中心力量
就労	就労[しゅうろう]  名・自動3 ⓪ ・ 就業
臭腺	臭腺[しゅうせん]  名 ⓪ ・ 臭腺
峻[しゅん]厳	峻[しゅん]厳[しゅんげん]  名・ナ形 ⓪ ・ 嚴峻，嚴厲
書き足す	書き足す[かきたす]  他動1 ⓪③ ・ 補寫，添寫
小品	小品[しょうひん]  名 ⓪ ・ 短篇，短小作品；小品文
常駐	常駐[じょうちゅう]  名・自動3 ⓪ ・ 常駐
譲り合う	譲り合う[ゆずりあう]  他動1 ④ ・ 互相禮讓
食感	食感[しょっかん]  名 ⓪ ・ 口感，食感
生まれ落ちる	生まれ落ちる[うまれおちる]  自動1 ⑤ ・ 出生，降生
切り替え	切り替え[きりかえ]  名 ⓪ ・ 切換，轉換
先延ばし	先延ばし[さきのばし]  名 ⓪③ ・ 拖延，擱置
戦隊	戦隊[せんたい]  名 ①⓪ ・ （軍隊）戰隊
選び取る	選び取る[えらびとる]  他動1 ④ ・ 選出，挑選
疎通	疎通[そつう]  名・自動3 ⓪ ・ 疏通，溝通
属性	属性[ぞくせい]  名 ⓪ ・ 屬性，特徵
存じ上げる	存じ上げる[ぞんじあげる]  他動2 ⑤⓪ ・ 知道
大枠	大枠[おおわく]  名 ⓪ ・ 大致的框架
統御	統御[とうぎょ]  名・他動3 ① ・ 統治，駕馭，凌駕
特化	特化[とっか]  名・自他動3 ①⓪ ・ 特化
排卵	排卵[はいらん]  名・自動3 ⓪ ・ 排卵
発動	発動[はつどう]  名・自他動3 ⓪ ・ 發動；啟動；行使
皮相	皮相[ひそう]  名・ナ形 ⓪ ・ 膚淺，淺薄；表面
飛び乗る	飛び乗る[とびのる]  自動1 ③ ・ 跳上；跳上車
微々	微々[びび]  形動トタル ① ・ 微少，些微
表層	表層[ひょうそう]  名 ⓪ ・ 表層
舞い落ちる	舞い落ちる[まいおちる]  自動2 ④ ・ 飄落，紛紛落下
部材	部材[ぶざい]  名 ⓪ ・ （建築）部件，構件，材料
復権	復権[ふっけん]  名・自他動3 ⓪ ・ 復權，恢復權力
物の 怪[け]	物の 怪[け]  名 ⓪ ・ 妖怪，鬼怪
分かれ道	分かれ道[わかれみち]  名 ③ ・ 岔路口；分岔點，轉折點
変貌	変貌[へんぼう]  名・自動3 ⓪ ・ 巨變，大變貌
捕食	捕食[ほしょく]  名・他動3 ⓪ ・ 捕食
母語	母語[ぼご]  名 ① ・ 母語
母性	母性[ぼせい]  名 ①⓪ ・ 母性，母愛
包摂	包摂[ほうせつ]  名・他動3 ⓪ ・ 內涵，包容
方略	方略[ほうりゃく]  名 ⓪ ・ 方略，策略
凡庸	凡庸[ぼんよう]  名・ナ形 ⓪ ・ 平庸
万が一	万が一[まんがいち]  名・副 ①+② ・ 萬一
猛省	猛省[もうせい]  名・自他動3 ⓪ ・ 深刻反省
黙する	黙する[もくする]  自動3 ③ ・ 沉默
誘引	誘引[ゆういん]  名・他動3 ⓪ ・ 引誘
揚げ足を取る	揚げ足を取る[あげあしをとる]  成句 ・ 挑毛病，吹毛求疵
来し方	来し方[こしかた]  名 ① ・ 過去，以往，路過的地方
落とし所	落とし所[おとしどころ]  名 ⓪ ・ （雙方都滿意的）妥協點，折衷方案
流し目	流し目[ながしめ]  名 ⓪③ ・ 斜眼看；含情脈脈的一瞥
連関	連関[れんかん]  名・自動3 ⓪ ・ 關聯
俯瞰[ふかん]	俯瞰[ふかん][ふかん]  名・他動3 ⓪ ・ 俯瞰，俯視
嗅ぎ取る	嗅ぎ取る[かぎとる]  他動1 ③⓪ ・ 嗅出；察覺
揶揄[やゆ]	揶揄[やゆ][やゆ]  名・他動3 ① ・ 嘲弄，譏諷，揶揄
籠城	籠城[ろうじょう]  名・自動3 ⓪① ・ 固守城池；閉門不出
茫[ぼう]漠	茫[ぼう]漠[ぼうばく]  形動トタル ⓪ ・ 廣漠，遼闊；模糊，渺茫
軋轢[あつれき]	軋轢[あつれき][あつれき]  名 ⓪ ・ 齟齬，摩擦，衝突
闊[かっ]達	闊[かっ]達[かったつ]  ナ形 ⓪ ・ 豁達，開闊
隘[あい]路	隘[あい]路[あいろ]  名 ① ・ 隘路，狹路；難關，障礙
便	便[びん]  名 ① ・ 郵寄，郵遞；班車；班輪；班機
かわす	かわす  他動1 ⓪ ・ 躲開，避開，躲閃
